PHÂN TÍCH DATABASE,Category,Subcategory,Address,State,Zip,Phone,Hours_Mon,Hours_Tue,Hours_Wed,Hours_Thu,Hours_Fri,Hours_Sat,Hours_Sun,Email,Website,Languages,Services,Vietnamese_Speaking,Years_Experience,Notes,Google_Maps_Search,"Has_Number=IF(REGEXMATCH(D2,""[0-9]""),""YES"",""NO"")",Google_Maps_Link,Link_Type
JnD Auto Repair,Automotive,Auto Repair,3030 Naaman School Rd,TX,75040,(972) 495-8080,,,,,,,,,jndautorepair.com,Vietnamese/English,"Auto repair, master mechanic",Yes,28+ years,Don Tran - owner,JnD Auto Repair Garland,"Has_Number=IF(REGEXMATCH(D2,""[0-9]""),""YES"",""NO"")",https://www.google.com/maps/place/?q=place_id:ChIJz9g-DgEdTIYRauYwxqLST5s,PLACE_ID
Toyota of Dallas - Vietnamese Sales Team,Automotive,Car Dealership,2610 Forest Ln,TX,75234,(844) 866-5826,,toyotaofdallas.com,,,,,,,toyotaofdallas.com,Vietnamese/English,Vietnamese sales team,Yes,,Sam Mau - Vietnamese Sales Manager,Toyota of Dallas,,https://www.google.com/maps/place/?q=place_id:ChIJKWidE5cnTIYRSpDjTlPeJUk,PLACE_ID
North Dallas Imports,Automotive,Auto Repair,4250 Forest Ln Ste B,TX,75042,(214) 501-2960,andy@northdallasimports.com,northdallasimports.com,8:00 AM - 6:00 PM,8:00 AM - 6:00 PM,8:00 AM - 6:00 PM,CLOSED,CLOSED,andy@northdallasimports.com,northdallasimports.com,Vietnamese/English,"Asian Import Specialist, Honda/Toyota",Yes,,,North Dallas Imports Garland,,https://www.google.com/maps/place/?q=place_id:ChIJ2eOniC8eTIYRLs51eTyYanI,PLACE_ID
JP Euro,Automotive,Auto Repair,3517 Security St,TX,75042,(214) 221-3135,Service@jpeuro.com,jpeuro.com,,,,,,Service@jpeuro.com,jpeuro.com,Vietnamese/English,European & Asian auto repair,Yes,,,JP Euro Garland,,https://www.google.com/maps/place/?q=place_id:ChIJqwYgzKGgToYRDiUUo2PFWlQ,PLACE_ID
Lobo Automotive,Automotive,Auto Repair,1818 Storey Ln #100,TX,75220,(214) 353-9605,,loboautomotive.com,,,,,,,loboautomotive.com,Vietnamese/English,Asian vehicle specialist,Yes,,,Lobo Automotive Dallas,,https://www.google.com/maps/place/?q=place_id:ChIJpfK4rgWdToYRjWajhXdeMyg,PLACE_ID
Tokyo Town - Swedish Auto,Automotive,Auto Repair,14820 Webb Chapel Rd,TX,75234,(972) 241-1911,info@importautofix.com,importautofix.com,,,,,,info@importautofix.com,importautofix.com,Vietnamese/English,Import Auto Repair,Yes,,,Tokyo Town Auto Farmers Branch,,https://www.google.com/maps/place/?q=place_id:ChIJEzfTVOgmTIYREiRU_435IrY,PLACE_ID
Northrich Automotive,Automotive,Auto Repair,1315 Executive Dr W,TX,75081,(972) 669-9990,,northrichauto.com,,,,,,,northrichauto.com,Vietnamese/English,Auto Repair,Yes,,,Northrich Automotive Richardson,,https://www.google.com/maps/place/?q=place_id:ChIJC5MiKhkfTIYRrSFlAACoDao,PLACE_ID
Road Masters Auto Service,Automotive,Auto Repair,405 S Central Expy Ste 118,TX,75080,(972) 231-4244,,roadmastersautoservice.com,,,,,,,roadmastersautoservice.com,Vietnamese/English,Auto Service,Yes,,,Road Masters Richardson,,https://www.google.com/maps/place/?q=place_id:ChIJ36zHHncfTIYRVY8A4_H7qfE,PLACE_ID
FC Automotive,Automotive,Auto Repair,2150 E Belt Line Rd,TX,75081,(972) 234-2031,info@fcautomotivetx.com,fcautomotivetx.com,,,,,,info@fcautomotivetx.com,fcautomotivetx.com,Vietnamese/English,Auto Repair,Yes,,,FC Automotive Richardson,,https://www.google.com/maps/place/?q=place_id:ChIJwwWmJWAeTIYRFedfKynZmOg,PLACE_ID
K3S Auto Repair,Automotive,Auto Repair,307 N Rogers Rd Ste 100,TX,75061,(866) 537-9110,,k3sautorepair.com,,,,,,,k3sautorepair.com,Vietnamese/English,Asian Import Specialist,Yes,,,K3S Auto Repair Irving,,https://www.google.com/maps/place/?q=place_id:ChIJQR6mPYUnTIYRBzRcwF3i5jY,PLACE_ID
Acute Auto Care,Automotive,Auto Repair,890 N Mill St Suite 110,TX,75057,(972) 420-8450,,acuteautocare.com,,,,,,,acuteautocare.com,Vietnamese/English,Asian Auto Repair,Yes,,,Acute Auto Care Lewisville,,https://www.google.com/maps/place/?q=place_id:ChIJIdch2QQuTIYRy7y4F6IXMeI,PLACE_ID
Lorentz Automotive,Automotive,Auto Repair,600 N Mill St,TX,75057,(972) 353-2100,cole@lorentzautoinc.com,lorentzautoinc.com,,,,,,cole@lorentzautoinc.com,lorentzautoinc.com,Vietnamese/English,Asian Imports,Yes,,,Lorentz Automotive Lewisville,,https://www.google.com/maps/place/?q=place_id:ChIJ3d5WdBAuTIYRZon823VD4Yo,PLACE_ID
Affordable Kar Kare,Automotive,Auto Repair,222 S Galloway Ave,TX,75149,(972) 329-0771,,affordablekarkare.com,,,,,,,affordablekarkare.com,Vietnamese/English,Auto Repair,Yes,,,Affordable Kar Kare Mesquite,,https://www.google.com/maps/place/?q=place_id:ChIJ2VB6u3SlToYRQyO1acZbnC0,PLACE_ID
Quoc Bao Bakery,Bakery,Vietnamese Bakery,"3419 W. Walnut St., 104",TX,75042,(972) 272-9892,9:00 AM - 6:00 PM,CLOSED,9:00 AM - 6:00 PM,9:00 AM - 6:00 PM,9:00 AM - 6:00 PM,9:00 AM - 6:00 PM,9:00 AM - 6:00 PM,,,Vietnamese/English,"Bánh Mì, Vietnamese pastries, coconut macarons",Yes,,,Quoc Bao Bakery Garland,,https://www.google.com/maps/place/?q=place_id:ChIJlzTYmBYeTIYRxrOF8GXSzr8,PLACE_ID
Thach Thao Bakery,Bakery,Vietnamese Bakery,3212 N Jupiter Rd 137,TX,75044,(972) 495-8882,,,,,,,,,,Vietnamese/English,Vietnamese baked goods,Yes,,,Thach Thao Bakery Garland,,https://www.google.com/maps/place/?q=place_id:ChIJGeN2O4oeTIYR6OP1QSaCt80,PLACE_ID
M2M Bakery,Bakery,Vietnamese Bakery,115 S Greenville Ave #112,TX,75081,(469) 877-3018,,,,,,,,infom2mbakery@gmail.com,m2mbakery.com,Vietnamese/English,Cakes & Sweets,Yes,,,M2M Bakery Richardson,,https://www.google.com/maps/place/?q=place_id:ChIJAQDQkHQfTIYRhnoFflwYO6E,PLACE_ID
77 Donut Shop,Bakery,Donut Shop,101 Becky Ln,TX,75165,(972) 576-0997,,,,,,,,,,Vietnamese/English,Donut Shop,Yes,,,77 Donut Shop Waxahachie,,https://www.google.com/maps/place/?q=place_id:ChIJZ_XIVonrToYRnpGhj9vRhZY,PLACE_ID
Donut Palace Waxahachie,Bakery,Donut Shop,401 N Hwy 77 #21,TX,75165,(972) 937-8899,,,,,,,,,,Vietnamese/English,Donut Shop,Yes,,,Donut Palace Waxahachie,,https://www.google.com/maps/place/?q=place_id:ChIJf_v7GdzuToYRnZZZyMuSU-U,PLACE_ID
Vanthao Cosmetics & Skincare,Beauty & Personal Care,Cosmetics & Skincare,3212 Jupiter Rd #108,TX,75044,(214) 458-1584,,,,,,,,vanthao-cosmetics-skincare.square.site,,Vietnamese/English,"Skin treatments, facial massage, permanent makeup",Yes,,Inside Cali Saigon Mall,Vanthao Cosmetics Garland,,https://www.google.com/maps/place/?q=place_id:ChIJGeN2O4oeTIYRgOFj6yZXvCg,PLACE_ID
Top Nail Supply,Beauty & Personal Care,Nail Supply,3112 N Jupiter Rd #102,TX,75044,(214) 703-0018,,,,,,,,,topnailsupply.com,Vietnamese/English,"SPA chairs, nail lacquers, dipping powders",Yes,,Saigon Mall,Top Nail Supply Garland,,https://www.google.com/maps/place/?q=place_id:ChIJD9INgIoeTIYRZG6QSHWhV-g,PLACE_ID
Pro Nail Supply,Beauty & Personal Care,Nail Supply,805 N Jupiter Rd,TX,75042,(972) 494-6111,,,,,,,,,pronailsupplies.com,Vietnamese/English,"Nail products, multiple brands",Yes,,,Pro Nail Supply Garland,,https://www.google.com/maps/place/?q=place_id:ChIJw_HezxUeTIYRic61L5kOiiQ,PLACE_ID
Minh Hair Salon,Beauty & Personal Care,Hair Salon,3325 W Walnut St,TX,75042,(972) 487-8801,,,,,,,,,,Vietnamese/English,Vietnamese hair salon,Yes,,,Minh Hair Salon Garland,,https://www.google.com/maps/place/?q=place_id:ChIJU8dLrxYeTIYRGOYu0HhTCJE,PLACE_ID
JT Hair Lab,Beauty & Personal Care,Hair Salon,1415 State St #900,TX,75082,(469) 847-3088,,,,,,,,,,Vietnamese/English,Hair styling,Yes,,Jenny Tran - Vietnamese stylist,JT Hair Lab Richardson,,https://www.google.com/maps/place/?q=place_id:ChIJPz8O5SQfTIYRY3FS88j3YFc,PLACE_ID
Vivian's Nails,Beauty & Personal Care,Nail Salon,3309 N Caldwell St,TX,75044,(214) 703-9888,,,,,,,,,,Vietnamese/English,Nail Salon,Yes,,,Vivians Nails Garland,,https://www.google.com/maps/place/?q=place_id:ChIJfSa1JaJJRYYRgRJ1Qi8dnbY,PLACE_ID
Tangerine Salon,Beauty & Personal Care,Hair Salon,7949 Walnut Hill Ln #105,TX,75230,(972) 392-9200,,,,,,,,,,Vietnamese/English,"Luxury hair salon, color",Yes,,,Tangerine Salon Dallas,,https://www.google.com/maps/place/?q=place_id:ChIJiyhwQcKfToYRwCsKdtNrinw,PLACE_ID
Nayoung Hair Salon,Beauty & Personal Care,Hair Salon,11445 Emerald St #114,TX,75229,(972) 243-7313,,,,,,,,,,Vietnamese/English,Asian Hair Salon,Yes,,,Nayoung Salon Dallas,,https://www.google.com/maps/place/?q=place_id:ChIJG1utgdcgTIYR_kHE4yW-iv0,PLACE_ID
MZM Hair Salon,Beauty & Personal Care,Hair Salon,2805 W 15th St,TX,75075,(972) 867-0744,,,,,,,,,,Vietnamese/English,Hair styling & perms,Yes,,,MZM Hair Salon Plano,,https://www.google.com/maps/place/?q=place_id:ChIJ80uS69oZTIYRf6ifCvcLpg0,PLACE_ID
Lavender Nail Bar,Beauty & Personal Care,Nail Salon,8240 Preston Rd #140,TX,75024,(972) 377-6889,,,,,,,,,,Vietnamese/English,Nail Bar,Yes,,,Lavender Nail Bar Plano,,https://www.google.com/maps/place/?q=place_id:ChIJaVOuncQ8TIYRi6TTOsC8V_c,PLACE_ID
Majestic Nail Bar,Beauty & Personal Care,Nail Salon,1900 Preston Rd #209,TX,75093,(972) 248-1818,,,,,,,,,,Vietnamese/English,Luxury Nail Bar,Yes,,,Majestic Nail Bar Plano,,https://www.google.com/maps/place/?q=place_id:ChIJSwNu0VQiTIYRiw_A-Gg5bu4,PLACE_ID
Plano Legacy Nails & Spa,Beauty & Personal Care,Nail Salon,8305 Preston Rd #300,TX,75024,,,,,,,,,,,Vietnamese/English,Nail Spa,Yes,,,Plano Legacy Nails,,https://www.google.com/maps/place/?q=place_id:ChIJ4dbbvcM8TIYR6R_uxdlDzo8,PLACE_ID
M Spa Beauty,Beauty & Personal Care,Nail Salon,308 Coit Rd #200,TX,75075,,,,,,,,,,,Vietnamese/English,Nail & Beauty,Yes,,,M Spa Beauty Plano,,https://www.google.com/maps/place/?q=place_id:ChIJVwzVThEiTIYR33AuM3oAE_g,PLACE_ID
Hawaii Nail Spa,Beauty & Personal Care,Nail Salon,3040 W Camp Wisdom Rd #130,TX,75052,(972) 602-9999,,,,,,,,,,Vietnamese/English,Nail Spa,Yes,,,Hawaii Nail Spa Grand Prairie,,https://www.google.com/maps/place/?q=place_id:ChIJUSJkF42JToYR2r-Yy7MF9dY,PLACE_ID
Epic Nails & Lashes Bar,Beauty & Personal Care,Nail Salon,3810 S State Hwy 161 #200,TX,75052,,,,,,,,,,,Vietnamese/English,Nails & Lashes,Yes,,,Epic Nails Lashes Grand Prairie,,https://www.google.com/maps/place/?q=place_id:ChIJITVWGH6JToYRgtgP7u-1Nlo,PLACE_ID
Diva Nail Bar,Beauty & Personal Care,Nail Salon,3450 S Hwy 161 #150,TX,75052,,,,,,,,,,,Vietnamese/English,Nail Bar,Yes,,,Diva Nail Bar Grand Prairie,,https://www.google.com/maps/place/?q=place_id:ChIJ5WYEFZ2JToYRlTvPHup4XuQ,PLACE_ID
Amazing Nail Bar,Beauty & Personal Care,Nail Salon,4128 S Cooper St,TX,76015,,,,,,,,,,,Vietnamese/English,Nail Bar,Yes,,,Amazing Nail Bar Arlington,,https://www.google.com/maps/place/?q=place_id:ChIJiSWGpDxjToYRP8dowckV0C0,PLACE_ID
BEST NAILS,Beauty & Personal Care,Nail Salon,5773 SW Green Oaks Blvd,TX,76017,,,,,,,,,,,Vietnamese/English,Nail Salon,Yes,,,Best Nails Arlington,,https://www.google.com/maps/place/?q=place_id:ChIJbzdPW7xkToYRUqRxRvkO4A8,PLACE_ID
Lotus Nail Bar,Beauty & Personal Care,Nail Salon,5715 Golden Triangle Blvd,TX,76244,,,,,,,,,,,Vietnamese/English,Nail Bar,Yes,,,Lotus Nail Bar Fort Worth,,https://www.google.com/maps/place/?q=place_id:ChIJ77I2zjDXTYYR8sjI67ZJY4Y,PLACE_ID
Willow Nail Lounge,Beauty & Personal Care,Nail Salon,11901 N Dallas Pkwy #300,TX,75033,,,,,,,,,,,Vietnamese/English,Nail Salon,Yes,,,Willow Nail Lounge Frisco,,https://www.google.com/maps/place/?q=place_id:ChIJH1JMvqw5TIYR9XmFuVaKUsc,PLACE_ID
Rich & Famous Nail,Beauty & Personal Care,Nail Salon,9200 Lebanon Rd #26,TX,75035,,,,,,,,,,,Vietnamese/English,Nail Salon,Yes,,,Rich Famous Nail Frisco,,https://www.google.com/maps/place/?q=place_id:ChIJryYEsVk8TIYR0W20riW2jIQ,PLACE_ID
Bellini Nail Bar,Beauty & Personal Care,Nail Salon,1815 Range Dr #200,TX,75149,,,,,,,,,,,Vietnamese/English,Nail Bar,Yes,,,Bellini Nail Bar Mesquite,,https://www.google.com/maps/place/?q=place_id:ChIJNz5Su9ClToYRvM6bSQ9bFY4,PLACE_ID
Lux Nail Bar,Beauty & Personal Care,Nail Salon,1515 Town East Blvd #102,TX,75015,,,,,,,,,,,Vietnamese/English,Nail Bar,Yes,,,Lux Nail Bar Mesquite,,https://www.google.com/maps/place/?q=place_id:ChIJE9Z9idelToYRYcDd59gFpOM,PLACE_ID
Platinum Nail Bar,Beauty & Personal Care,Nail Salon,3001 S Central Expy #103,TX,75070,,,,,,,,,,,Vietnamese/English,Nail Bar,Yes,,,Platinum Nail Bar McKinney,,https://www.google.com/maps/place/?q=place_id:ChIJzc0Cd_ERTIYRVCh_EGhtZQg,PLACE_ID
Orchid Nail Lounge,Beauty & Personal Care,Nail Salon,7701 Stacy Rd #600,TX,75070,,,,,,,,,,,Vietnamese/English,Nail Lounge,Yes,,,Orchid Nail Lounge McKinney,,https://www.google.com/maps/place/?q=place_id:ChIJnVJMftwXTIYRFThanDh-ccE,PLACE_ID
KT Nails & Spa,Beauty & Personal Care,Nail Salon,820 Alma Dr #160,TX,75013,,,,,,,,,,,Vietnamese/English,Nail Spa,Yes,,,KT Nails Spa Allen,,https://www.google.com/maps/place/?q=place_id:ChIJ8YMLC4QXTIYRnHHfiHbQOvY,PLACE_ID
Venetian Nail Spa,Beauty & Personal Care,Nail Salon,929 Watters Creek Blvd,TX,75013,,,,,,,,,,,Vietnamese/English,Nail Spa,Yes,,,Venetian Nail Spa Allen,,https://www.google.com/maps/place/?q=place_id:ChIJIw-XpgsXTIYRdxLSrfQ73OQ,PLACE_ID
Adore Nail Spa,Beauty & Personal Care,Nail Salon,190 E Stacy Rd #1522,TX,75002,,,,,,,,,,,Vietnamese/English,Nail Spa,Yes,,,Adore Nail Spa Allen,,https://www.google.com/maps/place/?q=place_id:ChIJ01VZ17wRTIYRLNOGDBZwQBA,PLACE_ID
VN Nails Hurst,Beauty & Personal Care,Nail Salon,926 Melbourne Rd,TX,76053,,,,,,,,,,,Vietnamese/English,Nail Salon,Yes,,,VN Nails Hurst,,https://www.google.com/maps/place/?q=place_id:ChIJtcNPeyB5ToYR_pG0nnBJWFg,PLACE_ID
Utopian Nails & Spa,Beauty & Personal Care,Nail Salon,420 Grapevine Hwy #110,TX,76054,,,,,,,,,,,Vietnamese/English,Nail Spa,Yes,,,Utopian Nails Hurst,,https://www.google.com/maps/place/?q=place_id:ChIJxUmHpVV_ToYR70O5ovsF5ZM,PLACE_ID
Nail Lounge & Spa Hurst,Beauty & Personal Care,Nail Salon,314 Grapevine Hwy,TX,76054,,,,,,,,,,,Vietnamese/English,Nail Lounge,Yes,,,Nail Lounge Hurst,,https://www.google.com/maps/place/?q=place_id:ChIJncdgL1d_ToYRiDrNsxD70hU,PLACE_ID
V Star Nail & Spa,Beauty & Personal Care,Nail Salon,Grapevine Hwy,TX,76054,,,,,,,,,,,Vietnamese/English,Nail Spa,Yes,,,V Star Nail Hurst,,https://www.google.com/maps/place/?q=place_id:ChIJAV7hurJ4ToYRRDd5KxNZk4Y,PLACE_ID
Grand Nail Spa,Beauty & Personal Care,Nail Salon,2901 Rio Grande Blvd #200,TX,76039,,,,,,,,,,,Vietnamese/English,Nail Spa,Yes,,,Grand Nail Spa Euless,,https://www.google.com/maps/place/?q=place_id:ChIJl8s6cgDVTYYRiF1KPF89naM,PLACE_ID
Texas Nail Bar & Lash,Beauty & Personal Care,Nail Salon,918 E Harwood Rd,TX,76039,,,,,,,,,,,Vietnamese/English,Nail Bar,Yes,,,Texas Nail Bar Euless,,https://www.google.com/maps/place/?q=place_id:ChIJJ-pJ0BeBToYRiuFQiBhqUNg,PLACE_ID
Maxiam Nail Bar,Beauty & Personal Care,Nail Salon,2921 Hwy 121 #200,TX,76039,,,,,,,,,,,Vietnamese/English,Nail Bar,Yes,,,Maxiam Nail Bar Euless,,https://www.google.com/maps/place/?q=place_id:ChIJvdTe28nVTYYRq57oYQ2NnZA,PLACE_ID
BB Nails Spa,Beauty & Personal Care,Nail Salon,8245 Precinct Line Rd #140,TX,76182,,,,,,,,,,,Vietnamese/English,Nail Spa,Yes,,,BB Nails Spa NRH,,https://www.google.com/maps/place/?q=place_id:ChIJVyjm5bbXTYYRipGETty5kc8,PLACE_ID
Chloe Nail Bar,Beauty & Personal Care,Nail Salon,6039 Precinct Line Rd #100,TX,76180,,,,,,,,,,,Vietnamese/English,Nail Bar,Yes,,,Chloe Nail Bar NRH,,https://www.google.com/maps/place/?q=place_id:ChIJX3LuSJB5ToYR9fSAlg2nlRQ,PLACE_ID
Luxury Nail Spa,Beauty & Personal Care,Nail Salon,9127 Grapevine Hwy #120,TX,76180,,,,,,,,,,,Vietnamese/English,Nail Spa,Yes,,,Luxury Nail Spa NRH,,https://www.google.com/maps/place/?q=place_id:ChIJj0yJ2rl4ToYRb0D2eBWOwDo,PLACE_ID
Nini Nail Bar,Beauty & Personal Care,Nail Salon,3044 Old Denton Rd #125,TX,75007,,,,,,,,,,,Vietnamese/English,Nail Bar,Yes,,,Nini Nail Bar Carrollton,,https://www.google.com/maps/place/?q=place_id:ChIJhaUMZTIlTIYRYmra0JmTXtk,PLACE_ID
Nails Nails Carrollton,Beauty & Personal Care,Nail Salon,1012 W Hebron Pkwy #126,TX,75010,,,,,,,,,,,Vietnamese/English,Nail Salon,Yes,,,Nails Nails Carrollton,,https://www.google.com/maps/place/?q=place_id:ChIJgaCBjYElTIYRozCqksbxsl0,PLACE_ID
Venice Nail Bar,Beauty & Personal Care,Nail Salon,3301 N Goliad St #111,TX,75087,,,,,,,,,,,Vietnamese/English,Nail Bar,Yes,,,Venice Nail Bar Rockwall,,https://www.google.com/maps/place/?q=place_id:ChIJR3TwEw4BTIYRvQc8pldYMXI,PLACE_ID
Lemon Drop Nail Bar,Beauty & Personal Care,Nail Salon,3005 N Goliad St #130,TX,75087,,,,,,,,,,,Vietnamese/English,Nail Bar,Yes,,,Lemon Drop Nail Bar Rockwall,,https://www.google.com/maps/place/?q=place_id:ChIJN16SCPQBTIYRPUgSS_Cew9I,PLACE_ID
Clover Nail Lounge,Beauty & Personal Care,Nail Salon,159 E Quail Run Rd #101,TX,75087,,,,,,,,,,,Vietnamese/English,Nail Lounge,Yes,,,Clover Nail Lounge Rockwall,,https://www.google.com/maps/place/?q=place_id:ChIJdVM6DbQBTIYREVxCAxx7Adc,PLACE_ID
Modern Nail Bar Keller,Beauty & Personal Care,Nail Salon,8653 N Beach St #225,TX,76244,,,,,,,,,,,Vietnamese/English,Nail Artistry,Yes,,,Modern Nail Bar Keller,,https://www.google.com/maps/place/?q=place_id:ChIJuWFr70bYTYYRpoPha_yfPlQ,PLACE_ID
Infinity Nail & Head Spa,Beauty & Personal Care,Nail Salon,1340 N Main St,TX,76248,,,,,,,,,,,Vietnamese/English,Nail & Head Spa,Yes,,,Infinity Nail Spa Keller,,https://www.google.com/maps/place/?q=place_id:ChIJ5-bttBzRTYYRVrUEywdFBdQ,PLACE_ID
Lux Nail Bar Keller,Beauty & Personal Care,Nail Salon,940 Keller Pkwy #100,TX,76248,,,,,,,,,,,Vietnamese/English,Nail Bar,Yes,,,Lux Nail Bar Keller,,https://www.google.com/maps/place/?q=place_id:ChIJgZXilRnXTYYRCZPyFYX3SY0,PLACE_ID
Art Nails Salon Saginaw,Beauty & Personal Care,Nail Salon,1029 N Saginaw Blvd #D3,TX,76179,,,,,,,,,,,Vietnamese/English,Nail Salon,Yes,,,Art Nails Salon Saginaw,,https://www.google.com/maps/place/?q=place_id:ChIJbUOwN2nfTYYRARY6VUwenZU,PLACE_ID
Victory Nail Lounge,Beauty & Personal Care,Nail Salon,8625 Old Decatur Rd #161,TX,76179,,,,,,,,,,,Vietnamese/English,Nail Lounge,Yes,,,Victory Nail Lounge Saginaw,,https://www.google.com/maps/place/?q=place_id:ChIJo_yDzDTfTYYRr--HSBAzQ9k,PLACE_ID
VIP Nails & Spa Cleburne,Beauty & Personal Care,Nail Salon,1646 W Henderson St #E,TX,76033,,,,,,,,,,,Vietnamese/English,Nail Salon,Yes,,,VIP Nails Spa Cleburne,,https://www.google.com/maps/place/?q=place_id:ChIJoyZlH1tHToYRaKOyfhNlQ8g,PLACE_ID
Cleburne Nail Bar,Beauty & Personal Care,Nail Salon,1607 W Henderson St,TX,76033,,,,,,,,,,,Vietnamese/English,Nail Bar,Yes,,,Cleburne Nail Bar,,https://www.google.com/maps/place/?q=place_id:ChIJaXtfGzZHToYR0piXtCTNYIk,PLACE_ID
VAMAS - Vietnamese American for Mutual Assistance,Community,Non-Profit,414 Jarrell Circle & 2300 W Walnut St,TX,,,,,,,,,,,,Vietnamese/English,"Senior aid, education, health, social activities",Yes,,,VAMAS Garland,,https://www.google.com/maps/place/?q=place_id:ChIJZ4VBWuIdTIYRUvHaox2w4Vo,PLACE_ID
Vietnamese Community Center,Community,Community Center,3221 Belt Line Rd,TX,,,,,,,,,,,,Vietnamese/English,Senior citizens services,Yes,,,Vietnamese Community Center Garland,,https://www.google.com/maps/place/?q=place_id:ChIJKfnUeWIeTIYRJNKusEkVbJ0,PLACE_ID
Our Lady of Fatima Church,Community,Church,5109 E Lancaster Ave,TX,76112,,,,,,,,,,,Vietnamese,Catholic Church,Yes,,,Our Lady of Fatima Fort Worth,,https://www.google.com/maps/place/?q=place_id:ChIJTbDFYGd6ToYRIncD6n-QOJs,PLACE_ID
VACGD (Vietnamese American Community of Greater Dallas),Community Organization,Non-Profit,3221 Belt Line Rd,TX,75044,(972) 666-1168,,,,,,,,vacofdallas@gmail.com,congdongdallas.org,Vietnamese/English,"ESL, citizenship classes, cultural programs, Taekwondo",Yes,40+ years,Founded 1984,VACGD Garland,,https://www.google.com/maps/place/?q=place_id:ChIJKfnUeWIeTIYRJNKusEkVbJ0,PLACE_ID
VAMAS (Vietnamese-American for Mutual Assistance & Services),Community Organization,Non-Profit,2300 W Walnut St,TX,75042,(972) 276-9933,10:00 AM - 2:00 PM,10:00 AM - 2:00 PM,10:00 AM - 2:00 PM,10:00 AM - 2:00 PM,10:00 AM - 2:00 PM,10:00 AM - 2:00 PM,10:00 AM - 2:00 PM,,vamastexas.org,Vietnamese/English,"Community services, senior daycare (Mon-Fri 8AM-3PM), Vietnamese language classes",Yes,,,VAMAS Garland,,https://www.google.com/maps/place/?q=place_id:ChIJZ4VBWuIdTIYRUvHaox2w4Vo,PLACE_ID
Hao Pham Construction,Construction,General Contractor,2322 Monarch Dr,TX,75040,(214) 923-6570,,,,,,,,haotexasbuilder@yahoo.com,,Vietnamese/English,"Residential, Commercial, Roofing",Yes,,,Hao Pham Construction Garland,,https://www.google.com/maps/search/?api=1&query=Hao%20Pham%20Construction%202322%20Monarch%20Dr%20TX%2075040,SEARCH
LV Billiards,Entertainment,Billiards,2921 Belt Line Rd,TX,75044,,,,,,,,,,,Vietnamese/English,"Pool hall, affordable rates, well-maintained tables",Yes,,,LV Billiards Garland,,https://www.google.com/maps/place/?q=place_id:ChIJbziWbn0eTIYRYGIkoGJxZCg,PLACE_ID
Hoa Dallas,Florist,Funeral Flowers,2201 Main St,TX,75201,"(214) 939-8001, 1-877-736-3350",8:00 AM - 8:00 PM,8:00 AM - 8:00 PM,8:00 AM - 8:00 PM,8:00 AM - 8:00 PM,8:00 AM - 8:00 PM,CLOSED,CLOSED,,hoadallas.com,Vietnamese/English,"Funeral flowers, Vietnamese traditions",Yes,26+ years,Established 1998,Hoa Dallas,,https://www.google.com/maps/place/?q=place_id:ChIJR2Ah3t-YToYRZFsQnj2UK5Y,PLACE_ID
Trung Nguyen E-Coffee,Food & Beverage,Coffee Shop,"2225 Old Denton Road, Unit 220",TX,75006,,7:00 AM - 9:00 PM,7:00 AM - 9:00 PM,7:00 AM - 9:00 PM,7:00 AM - 9:00 PM,7:00 AM - 10:00 PM,7:00 AM - 10:00 PM,7:00 AM - 9:00 PM,,,Vietnamese/English,Vietnamese coffee specialist,Yes,,,Trung Nguyen E-Coffee Carrollton,,https://www.google.com/maps/place/?q=place_id:ChIJreFcDQAnTIYRF2PPYstbsqY,PLACE_ID
Năm Hứa Vietnamese Cuisine - Catering,Food Services,Catering,3112 N Jupiter Rd #305,TX,75044,,,,,,,,,,,Vietnamese/English,"Vietnamese catering, dine-in, to-go",Yes,,Cali Saigon Mall,Nam Hua Garland,,https://www.google.com/maps/place/?q=place_id:ChIJD9INgIoeTIYR1ltfsoMTT2I,PLACE_ID
"Dr. Thuan Phuong Huynh, MD",Healthcare,Family Medicine,1809 Golden Trail Ct Ste 130,TX,75010,(972) 418-1778,,,**CLOSED**,,,**CLOSED**,**CLOSED**,,,Vietnamese/English,,Yes,30+ years,,,,https://www.google.com/maps/place/?q=place_id:ChIJ20d_y68lTIYRBFk-i8tl2hU,PLACE_ID
"Dr. Linh Ba Nguyen, MD & Dr. Thuy Ngoc Nguyen",Healthcare,Internal Medicine & Sleep Medicine (Dr. Linh Ba),8345 Walnut Hill Ln #105,TX,75231,Contact clinic,,,,,,,,,,Vietnamese/English,,Yes,,,,,https://www.google.com/maps/place/?q=place_id:ChIJ8RFJCBYeTIYRfXbAPgpKkxo,PLACE_ID
"Dr. Linh Ba Nguyen, MD",Healthcare,Internal Medicine & Sleep Medicine Specialist,8345 Walnut Hill Ln #105,TX,75231,Contact clinic,,,,,,,,,,Vietnamese/English,,Yes,,,,,https://www.google.com/maps/place/?q=place_id:ChIJ8RFJCBYeTIYRfXbAPgpKkxo,PLACE_ID
"Dr. Phong Lan Nguyen, DDS",Healthcare,Dentistry,2334 W Buckingham Rd #260,TX,75042,(469) 298-2157,9:00 AM - 5:00 PM,9:00 AM - 5:00 PM,9:00 AM - 5:00 PM,9:00 AM - 5:00 PM,,,,,,Vietnamese/English,,Yes,,Oak Ridge Dental,,,https://www.google.com/maps/place/?q=place_id:ChIJ3URRTt8dTIYRtut4jkJ0z7U,PLACE_ID
"Dr. Nghi Tran, DDS",Healthcare,Dentistry,5814 N Jupiter Rd Suite 199,TX,75044,(469) 969-0149,,,,,,,,,,Vietnamese/English,,Yes,,Hue Dental,,,https://www.google.com/maps/place/?q=place_id:ChIJxQy1FJ4vTIYRK66fnrLwZfw,PLACE_ID
"Dr. Ryan Nguyen, DDS",Healthcare,Dentistry,7602 N Jupiter Rd Ste 113,TX,75044,(972) 530-0893,,,,,,,,,,Vietnamese/English,,Yes,,Ryan Nguyen DDS,,,https://www.google.com/maps/place/?q=place_id:ChIJcdtdnLYeTIYRyDBgMWi9zik,PLACE_ID
"Dr. Vi Truong-Mai, DDS",Healthcare,Dentistry,"6850 N Shiloh Rd, Suite C, Suite C",TX,,(972) 530-0552,,,,,,,,,,Vietnamese/English,,Yes,,"Mai Dentistry, PA",,,https://www.google.com/maps/place/?q=place_id:ChIJG9SrmqceTIYRbvENz0FvnUU,PLACE_ID
"Dr. Phuong Ngo, DDS",Healthcare,Dentistry,"3443 W Campbell Rd, Suite 650, Suite 650",TX,,(972) 414-1515,,,10:00 AM - 6:00 PM,,8:00 AM - 2:00 PM,8:00 AM - 2:00 PM (one Saturday/month),,,,Vietnamese/English,,Yes,,Focus Dental,,,https://www.google.com/maps/place/?q=place_id:ChIJT3DjM7keTIYRk1YScU-75-o,PLACE_ID
"Dr. Tuan A. Nguyen, DDS",Healthcare,Dentistry,2001 S Glenbrook Dr,TX,75041,(972) 840-6800,9:00 AM - 9:00 PM,9:00 AM - 9:00 PM,9:00 AM - 9:00 PM,9:00 AM - 9:00 PM,9:00 AM - 9:00 PM,9:00 AM - 9:00 PM,9:00 AM - 9:00 PM,,,Vietnamese/English,,Yes,,Sparkle Family Dental & Orthodontics Garland,,,https://www.google.com/maps/place/?q=place_id:ChIJIXhV_1ynToYRyn06GLhJ_Ck,PLACE_ID
Campbell Crossing Dentistry,Healthcare,Dentistry,1204 Thomasville Court,TX,75044,(972) 414-4000 or (469) 625-0507,7:00 AM - 3:00 PM,7:00 AM - 3:00 PM,7:00 AM - 3:00 PM,7:00 AM - 3:00 PM,**CLOSED**,,,,,Vietnamese/English,,Yes,,,,,https://www.google.com/maps/place/?q=place_id:ChIJv37MMY8cTIYRcGohYBh05KM,PLACE_ID
"Dr. Linh Nguyen, DDS",Healthcare,Dentistry,1809 Golden Trail Ct #140,TX,75010,(972) 242-2155,8:00 AM - 5:00 PM,8:00 AM - 5:00 PM,8:00 AM - 5:00 PM,**CLOSED**,**CLOSED**,**CLOSED**,**CLOSED**,,,Vietnamese/English,,Yes,,Carrollton Dental Studio,,,https://www.google.com/maps/place/?q=place_id:ChIJNwxB7gQlTIYRKe9KvtNAs4c,PLACE_ID
"Dr. Dao Pham, DDS",Healthcare,Dentistry,7801 Alma Dr Ste 123,TX,75025,(972) 517-8090,"9:00 AM - 5:00 PM, Sat-Sun: **CLOSED**","9:00 AM - 5:00 PM, Sat-Sun: **CLOSED**","9:00 AM - 5:00 PM, Sat-Sun: **CLOSED**","9:00 AM - 5:00 PM, Sat-Sun: **CLOSED**","9:00 AM - 5:00 PM, Sat-Sun: **CLOSED**",,,,,Vietnamese/English,,Yes,,"Dali Dental, P.A.",,,https://www.google.com/maps/place/?q=place_id:ChIJaRGdmIYXTIYRJ3HF5JV8Z98,PLACE_ID
"Dr. Van T. Nguyen, DDS",Healthcare,Dentistry,4004 Park Boulevard,TX,75074,(972) 964-6555,,,,,,,,,,Vietnamese/English,,Yes,,West Plano Dental,,,https://www.google.com/maps/place/?q=place_id:ChIJzQ_znGAiTIYRVsioQMo0j00,PLACE_ID
"Dr. Huy Pham, DMD",Healthcare,Dentistry,6220 Gaston Ave,TX,75214,Contact clinic,,,,,,,,,,Vietnamese/English,,Yes,,Lakewood Dental Studio,,,https://www.google.com/maps/place/?q=place_id:ChIJ-_VpM92fToYRgX548nMiCzw,PLACE_ID
"Dr. Van Nguyen, DDS",Healthcare,Dentistry,2430 N. Story Road,TX,75062,(972) 514-1449,,,,,,,,,,Vietnamese/English,,Yes,,"Story Dental, P.L.L.C.",,,https://www.google.com/maps/place/?q=place_id:ChIJQRNYNk2CToYRvNslV-TRONs,PLACE_ID
Evercare Pharmacy,Healthcare,Pharmacy,"3565 West Walnut Street, Suite C",TX,75042,(469) 366-9015,,,,,,,,,,Vietnamese/English,"Prescription filling, Vietnamese pharmacy",Yes,,Only Vietnamese pharmacy in DFW,Evercare Pharmacy Garland,,https://www.google.com/maps/place/?q=place_id:ChIJqRQ7EMQdTIYRHCwRsWKkpr8,PLACE_ID
Mẫu Phước Đường,Healthcare,Traditional Medicine,"3212 N Jupiter Rd, Suite 126",TX,75044,(972) 496-4372,,,,,,,,,,Vietnamese/English,"Acupuncture, herbal medicine, pulse reading, microneedling",Yes,12 generations,Inside Cali Saigon Mall,Mau Phuoc Duong Garland,,https://www.google.com/maps/place/?q=place_id:ChIJmV7iRooeTIYRzq1ogx9UXOs,PLACE_ID
Huong Duong Corp,Healthcare,Traditional Medicine,"2625 West Pioneer Parkway, Suite #201",TX,75051,(682) 551-1628,,,,,,,,,,Vietnamese/English,Traditional herbal medicine,Yes,30+ years,Inside Asia Times Square,Huong Duong Corp Grand Prairie,,https://www.google.com/maps/place/?q=place_id:ChIJ1_fXSsOHToYRrUuR50C0HNg,PLACE_ID
"Dr. Thanh Pham, DC - Smiley Chiropractic",Healthcare,Chiropractic,4431 W Walnut St Ste C,TX,75042,(972) 494-5155,8:00 AM - 5:00 PM,8:00 AM - 5:00 PM,8:00 AM - 5:00 PM,8:00 AM - 5:00 PM,8:00 AM - 5:00 PM,9:30 AM - 5:00 PM,CLOSED,,smileychiropractic.com,Vietnamese/Spanish/English,Chiropractic care,Yes,26 years,Smiley Chiropractic,Smiley Chiropractic Garland,,https://www.google.com/maps/place/?q=place_id:ChIJrx-nyTYeTIYR7XgBzjzCvVg,PLACE_ID
Vietnam Home Health Care,Healthcare,Home Health,3538 W Walnut St,TX,75042,(682) 789-9999,,,,,,,,,,Vietnamese/English/Spanish/Multiple,"Skilled nursing, PT, OT, wound care, IV therapy, diabetic care",Yes,,Also Arlington office,Vietnam Home Health Care Garland,,https://www.google.com/maps/place/?q=place_id:ChIJ3bqnS3YfTIYR18zv1jkufr4,PLACE_ID
Complete Eyecare,Healthcare,Optometry,4530 W Buckingham Rd #100,TX,75042,,,,,,,,,,,Vietnamese/English,"Eye exams, glasses, contacts",Yes,,,Complete Eyecare Garland,,https://www.google.com/maps/place/?q=place_id:ChIJAdDW0aUfTIYR_whXhNC4lrs,PLACE_ID
Richardson Family EyeCare,Healthcare,Optometry,159 N Plano Rd,TX,75081,,,,,,,,,,,Vietnamese/English,Family eye care,Yes,,,Richardson Family EyeCare,,https://www.google.com/maps/place/?q=place_id:ChIJvbmPUlAfTIYR3lS1aYpraAM,PLACE_ID
Meridian Elements Healthcare,Healthcare,Acupuncture,10611 Garland Rd #111,TX,75218,(972) 279-4888,,,,,,,,,,Vietnamese/English,"Acupuncture, Chinese herbal medicine, cupping",Yes,,,Meridian Elements Dallas,,https://www.google.com/maps/place/?q=place_id:ChIJFZWUNs2mToYRgkocnKMkzuE,PLACE_ID
Lake Highlands Acupuncture,Healthcare,Acupuncture,10611 Garland Rd #218,TX,75218,,,,,,,,,,,Vietnamese/English,"Acupuncture, cupping, custom herbal formulas",Yes,,,Lake Highlands Acupuncture Dallas,,https://www.google.com/maps/place/?q=place_id:ChIJoSRXdFegToYRHsiTLfcHyD0,PLACE_ID
ACN Herbs (Leslie Duong),Healthcare,Herbal Medicine,9788 Walnut St #108,TX,75243,(214) 887-8325,,,,,,,,,leslieduong.com,Vietnamese/English,Chinese/Vietnamese herbal programs,Yes,,,Leslie Duong ACN Herbs Dallas,,https://www.google.com/maps/place/?q=place_id:ChIJ_6M00JifToYRomznaysNg9E,PLACE_ID
"Dr. Nghi Phan, MD - Pediatrician",Healthcare,Pediatrics,Omni Medical Center,TX,,,,,,,,,,,,Vietnamese/English,Pediatrics & Internal Medicine,Yes,,,Dr Nghi Phan Richardson,,https://www.google.com/maps/place/?q=place_id:ChIJtUmIzFUZTIYRsIV0uwQl_yU,PLACE_ID
Walnut Dental,Healthcare,Dentistry,810 N Plano Rd #210,TX,75081,,,,,,,,,,,Vietnamese/English,General dentistry,Yes,,,Walnut Dental Richardson,,https://www.google.com/maps/place/?q=place_id:ChIJNcHbsrkfTIYRwwUkXLJRqz8,PLACE_ID
Dr. Allen Nguyen - Elite Care Professionals,Healthcare,Chiropractor,2609 N Carroll Ave,TX,75204,,,,,,,,,,,Vietnamese/English,Chiropractic care,Yes,,,Dr Allen Nguyen Chiropractor Dallas,,https://www.google.com/maps/place/?q=place_id:ChIJ7QLOwSufToYRc0btVeeHVwE,PLACE_ID
Dr. Thanh Pham - Smiley Chiropractic,Healthcare,Chiropractor,4431 W Walnut St #C,TX,75042,,,,,,,,,,,Vietnamese/English/Spanish,Chiropractic care,Yes,26 years,,Smiley Chiropractic Garland,,https://www.google.com/maps/place/?q=place_id:ChIJrx-nyTYeTIYR7XgBzjzCvVg,PLACE_ID
Carechoice Pharmacy,Healthcare,Pharmacy,813 N Jupiter Rd,TX,75042,,,,,,,,,,,Vietnamese/English,"Vietnamese-speaking staff, prescriptions",Yes,,,Carechoice Pharmacy Garland,,https://www.google.com/maps/place/?q=place_id:ChIJMX4ds5MeTIYRseD3WUEoKS0,PLACE_ID
"Dr. Nhan Nguyen, MD",Healthcare,Cardiology,3600 W. 15th St,TX,75075,(972) 867-8888,,,,,,,,,,Vietnamese/English,Cardiology,Yes,25+ years,,Dr Nhan Nguyen Cardiology Plano,,https://www.google.com/maps/place/?q=place_id:ChIJL19zYecZTIYRWFpwcRAdaPo,PLACE_ID
"Dr. David Nguyen, DDS",Healthcare,Dentistry,1201 E Belt Line Rd,TX,75081,(214) 377-8881,,,,,,,,,,Vietnamese/English,Dental Care Today,Yes,,,Dr David Nguyen DDS Richardson,,https://www.google.com/maps/place/?q=place_id:ChIJ58MQpd0eTIYR0getcI9Hk3U,PLACE_ID
Dr. Binh Nguyen DO,Healthcare,Physician,1217 Oakland Blvd,TX,76103,,,,,,,,,,,Vietnamese/English,Family Medicine,Yes,,,Dr Binh Nguyen DO Fort Worth,,https://www.google.com/maps/place/?q=place_id:ChIJocfTmAt6ToYREO48K7TSpGY,PLACE_ID
Dr. Huy Nguyen MD,Healthcare,Physician,7520 N Beach St #108,TX,76137,,,,,,,,,,,Vietnamese/English,Internal Medicine,Yes,,,Dr Huy Nguyen MD Fort Worth,,https://www.google.com/maps/place/?q=place_id:ChIJMcXxA3PYTYYRvvWv1LZeJZQ,PLACE_ID
Dr. Van Hong Nguyen DO,Healthcare,Physician,7260 Blue Mound Rd #144,TX,76131,,,,,,,,,,,Vietnamese/English,Family Medicine,Yes,,,Dr Van Hong Nguyen DO,,https://www.google.com/maps/place/?q=place_id:ChIJF2j8C3fZTYYRMPSxxwogehE,PLACE_ID
Haltom City Dental (Dr. Nguyen),Healthcare,Dentistry,1234 Denton Hwy,TX,76117,,9:00 AM - 5:00 PM,9:00 AM - 5:00 PM,9:00 AM - 5:00 PM,9:00 AM - 5:00 PM,9:00 AM - 2:00 PM,CLOSED,CLOSED,,,Vietnamese/English,General dentistry,Yes,,,Haltom City Dental Nguyen,,https://www.google.com/maps/place/?q=place_id:ChIJ5YTeK293ToYRX7IvowDev8Y,PLACE_ID
Nguyen Pharmacy,Healthcare,Pharmacy,4000 E Belknap St,TX,76111,,9:00 AM - 6:00 PM,9:00 AM - 6:00 PM,9:00 AM - 6:00 PM,9:00 AM - 6:00 PM,9:00 AM - 6:00 PM,9:00 AM - 1:00 PM,CLOSED,,,Vietnamese/English,Pharmacy services,Yes,,,Nguyen Pharmacy Haltom City,,https://www.google.com/maps/place/?q=place_id:ChIJzc12GzZ3ToYRoE7bk-LdpHg,PLACE_ID
TRE Weekly Newspaper,Media,Newspaper,3202 N. Shiloh Rd.,TX,75044,"(972) 675-4383, (817) 421-1400",9:00 AM - 5:00 PM,9:00 AM - 5:00 PM,9:00 AM - 5:00 PM,9:00 AM - 5:00 PM,9:00 AM - 5:00 PM,9:00 AM - 5:00 PM,CLOSED,,baotreonline.com,Vietnamese,Vietnamese weekly newspaper,Yes,,,TRE Garland,,https://www.google.com/maps/place/?q=place_id:ChIJU8z_CIAeTIYRpwPXd2QFUbk,PLACE_ID
Nguoi Viet Dallas - Fort Worth,Media,Newspaper,13426 Whispering Hills Dr,TX,75243,(972) 878-9969,,,,,,,,nvdallasus@gmail.com,nguoivietdallas.com,Vietnamese,Vietnamese daily newspaper,Yes,,,Nguoi Viet Dallas,,https://www.google.com/maps/place/?q=place_id:ChIJLxQJ-rIfTIYR6wLZPtXaPP8,PLACE_ID
Saigon Radio Dallas,Media,Radio,"10935 Estate Ln, Suite 180",TX,75238,"(214) 293-6584, (817) 703-7240",24/7,24/7,24/7,24/7,24/7,24/7,24/7,,,Vietnamese,Vietnamese radio - 1600 AM & 890 AM,Yes,,Also at 2625 W. Pioneer Pkwy GP,Saigon Radio Dallas,,https://www.google.com/maps/place/?q=place_id:ChIJJ33FjI2gToYR6hQEaWdIKnk,PLACE_ID
VietFace TV Texas,Media,Television,1301 E. Arapaho Road,TX,75081,(214) 274-4128,,,,,,,,,,Vietnamese,Vietnamese TV - Channel 55.5,Yes,,Thúy Nga Productions,VietFace TV Richardson,,https://www.google.com/maps/place/?q=place_id:ChIJd44embAfTIYRo9cIUL05cAU,PLACE_ID
Minh Hoang - Realtor,Professional Services,Real Estate,1144 N Plano Rd Ste 133,TX,75081,(469) 253-8888,,,,,,,,,,Vietnamese/English,"Buyer's Agent, Seller's Agent - Garland, Richardson, Rowlett, Wylie",Yes,,,Minh Hoang Realtor Richardson,,https://www.google.com/maps/search/?api=1&query=Minh%20Hoang%20-%20Realtor%201144%20N%20Plano%20Rd%20Ste%20133%20TX%2075081,SEARCH
Lily Nguyen - Realtor,Professional Services,Real Estate,"100 N. Central Expy, Suite 806",TX,75080,(469) 233-0289,,,,,,,,,,Vietnamese/English,"Buyer's Agent, Seller's Agent - Arlington, Fort Worth, Garland",Yes,,,Lily Nguyen Realtor Richardson,,https://www.google.com/maps/place/?q=place_id:ChIJHytGrGEZTIYRrRxpLBDfhqw,PLACE_ID
Liem Nguyen - Realtor,Professional Services,Real Estate,3130 N. Shiloh Rd.,TX,75044,(469) 605-0196,,,,,,,,,,Vietnamese/English,"Buyer's Agent, Seller's Agent",Yes,,Office: (469) 714-6062,Liem Nguyen Realtor Garland,,https://www.google.com/maps/place/?q=place_id:ChIJ0SrcCYAeTIYR1sNZSAo3rsw,PLACE_ID
Julie Nguyen - Realtor,Professional Services,Real Estate,5220 Spring Valley Rd STE 160,TX,75254,(214) 683-0939,,,,,,,,,,Vietnamese/English,"Listing Specialist, Buyer Specialist, Leasing, Commercial Agent",Yes,,"Garland, Richardson, Dallas area",Julie Nguyen Realtor Dallas,,https://www.google.com/maps/place/?q=place_id:ChIJGRpBw2yfToYRyzhNM1b6s_0,PLACE_ID
Thuy Nguyen - AMX Realty,Professional Services,Real Estate,1721 W Plano Pkwy #222,TX,75075,(214) 725-9880,,,,,,,,thuy@amxrealty.com,,Vietnamese/English,"Real estate services - Garland, Plano, DFW",Yes,,Born and raised in DFW area,Thuy Nguyen AMX Realty,,https://www.google.com/maps/place/?q=place_id:ChIJHytGrGEZTIYRrRxpLBDfhqw,PLACE_ID
Thuy Nguyen - Citiwide Properties,Professional Services,Real Estate,445 Walnut Street,TX,75081,(972) 805-4399,,,,,,,,,,Vietnamese/English,"Real estate services - Richardson, Garland area",Yes,,,Thuy Nguyen Citiwide Properties,,https://www.google.com/maps/place/?q=place_id:ChIJwQJ-oJYfTIYRN14twFpFgOE,PLACE_ID
"Loung Law Firm, PLLC",Professional Services,Legal Services,"801 East Campbell Road, Suite 385",TX,75081,,,,,,,,,,thehklawfirm.com,Vietnamese/English,Legal services - Works with Vietnamese clients,Yes,,,Loung Law Firm Richardson,,https://www.google.com/maps/place/?q=place_id:ChIJARg4KXIfTIYRyd5qNgEQe4E,PLACE_ID
Thinh Nguyen - State Farm,Professional Services,Insurance,1919 S. Shiloh Rd. Suite 112,TX,75042,(469) 326-3335,,,,,,,,,statefarm.com,Vietnamese/Spanish/English,"Auto, Home, Life Insurance",Yes,,"Inside HARMONY Bank, 1st Floor Room 112",Thinh Nguyen State Farm Garland,,https://www.google.com/maps/place/?q=place_id:ChIJfSB6e6ygToYRoPvZNALX09A,PLACE_ID
Thien Thai - State Farm,Professional Services,Insurance,810 N Plano Road Suite 240,TX,75081,(972) 470-9883,,,,,,,,,statefarm.com,Vietnamese/Chinese/English,"Insurance services - Richardson, Garland area",Yes,,Spanish support available,Thien Thai State Farm Richardson,,https://www.google.com/maps/place/?q=place_id:ChIJtwbZR7gfTIYR25gwgJ6duNM,PLACE_ID
Tommy Chau - Allstate,Professional Services,Insurance,"179 N Plano Rd, Ste 200",TX,75081,(972) 744-9873,,,,,,,,,allstate.com,Vietnamese/Spanish/English,"Auto, Home, Life Insurance",Yes,,,Tommy Chau Allstate Richardson,,https://www.google.com/maps/place/?q=place_id:ChIJw01Gw_geTIYRSZxbDMDygys,PLACE_ID
My-Viet Inc.,Professional Services,Immigration Services,"3112 N. Jupiter Rd, Ste 212",TX,75044,(972) 205-1975,,,,,,,,,myvietinc.com,Vietnamese/English,"Immigration services, visa, green card",Yes,,Also Irving & Saigon offices,My-Viet Garland,,https://www.google.com/maps/place/?q=place_id:ChIJ479yjM-HToYR4j8RFkPEW8s,PLACE_ID
My-Viet Inc. - Irving Office,Professional Services,Immigration Services,4441 W. Airport Fwy,TX,75062,(817) 633-1975,,,,,,,,,myvietinc.com,Vietnamese/English,"Immigration services, visa, green card",Yes,,,My-Viet Irving,,https://www.google.com/maps/place/?q=place_id:ChIJMzYbfwCBToYRbSyr6s1pBOc,PLACE_ID
Tracy Nguyen - Mobile Notary,Professional Services,Notary,Richardson (serves DFW),TX,,,,,,,,,,,,Vietnamese/English,"Vietnamese-speaking mobile notary, real estate specialist",Yes,,,Tracy Nguyen Notary Richardson,,https://www.google.com/maps/search/?api=1&query=Tracy%20Nguyen%20-%20Mobile%20Notary%20Richardson%20%28serves%20DFW%29%20TX%20,SEARCH
Dai An - Health Insurance & Tax,Professional Services,Insurance & Tax,"3112 N Jupiter Rd #420, Lầu 2",TX,75044,,,,,,,,,,,Vietnamese/English,"Health Insurance (ObamaCare/ACA), Tax Services",Yes,,Vietnamese community focus,Dai An Insurance Tax Garland,,https://www.google.com/maps/place/?q=place_id:ChIJf1nSfWwfTIYRMJZwGsX-nc0,PLACE_ID
Vincent Do - Safeco Insurance,Professional Services,Insurance,1309 Belt Line Rd,TX,75040,(972) 859-0330,,,,,,,,,,Vietnamese/English,"Auto, Home, Life Insurance",Yes,,,Vincent Do Safeco Garland,,https://www.google.com/maps/place/?q=place_id:ChIJi-mpCRYeTIYRjog2tLERlfk,PLACE_ID
"Steve Luong, CPA",Professional Services,Accountant,12225 Greenville Ave #121,TX,,,,,,,,,,,,Vietnamese/English,"Tax preparation, bookkeeping",Yes,,,Steve Luong CPA Dallas,,https://www.google.com/maps/place/?q=place_id:ChIJM5bYJPQfTIYRTObYcJVQD68,PLACE_ID
Tran Computer,Professional Services,Computer Repair,10825 Garland Rd,TX,75218,,,,,,,,,,,Vietnamese/English,Computer repair & service,Yes,,"Family-owned, serves Garland area",Tran Computer Dallas,,https://www.google.com/maps/place/?q=place_id:ChIJ81lnsBmhToYRiOUalPQxqco,PLACE_ID
GoodLand IT Services,Professional Services,IT Services,2810 Willow Ridge Dr,TX,75044,,,,,,,,,,,Vietnamese/English,IT services,Yes,,Vietnamese IT company,GoodLand IT Garland,,https://www.google.com/maps/place/?q=place_id:ChIJ3T4-IpkdTIYR7r9UaYgulkQ,PLACE_ID
Chos Tailor,Professional Services,Tailoring,3699 McKinney Ave #C323,TX,,,,,,,,,,,,Vietnamese/English,Tailoring services,Yes,,,Chos Tailor Dallas,,https://www.google.com/maps/place/?q=place_id:ChIJQyZ5EtSeToYRoFLAVSbJu78,PLACE_ID
Red Carpet Tailor,Professional Services,Tailoring,8400 Douglas Ave,TX,,,,,,,,,,,,Vietnamese/English,"Tailoring, 2 locations",Yes,,,Red Carpet Tailor Dallas,,https://www.google.com/maps/place/?q=place_id:ChIJh-zPpL-fToYRVjQGKJW6KyY,PLACE_ID
Julie Nguyen - Ultima Real Estate,Professional Services,Real Estate,5220 Spring Valley Rd Ste 160,TX,75254,(214) 683-0939,,,,,,,,,,Vietnamese/English,"Realtor, Broker",Yes,11+ years,,Julie Nguyen Realtor Dallas,,https://www.google.com/maps/place/?q=place_id:ChIJGRpBw2yfToYRyzhNM1b6s_0,PLACE_ID
Trang Thanh Truong - Nationwide,Professional Services,Insurance,2397 S Collins St,TX,76014,(817) 779-4849,,,,,,,,,,Vietnamese/English,Insurance Agent,Yes,,,Trang Thanh Truong Nationwide Arlington,,https://www.google.com/maps/place/?q=place_id:ChIJCzMUuFZ9ToYReAR5FTJwg3w,PLACE_ID
Trang Le Insurance,Professional Services,Insurance,2397 S Collins St,TX,76014,(817) 779-4849,,,,,,,,,,Vietnamese/English,Progressive Agent,Yes,,,Trang Le Insurance Arlington,,https://www.google.com/maps/place/?q=place_id:ChIJCzMUuFZ9ToYReAR5FTJwg3w,PLACE_ID
My Viet Inc,Professional Services,Immigration,4441 W Airport Fwy,TX,75062,,,,,,,,,,,Vietnamese/English,Immigration Consulting,Yes,,,My Viet Inc Irving,,https://www.google.com/maps/place/?q=place_id:ChIJMzYbfwCBToYRbSyr6s1pBOc,PLACE_ID
Costlow Insurance,Professional Services,Insurance,3521 Main St,TX,75088,(972) 463-8043,,,,,,,,,,Vietnamese/English,Insurance Agency,Yes,,,Costlow Insurance Rowlett,,https://www.google.com/maps/place/?q=place_id:ChIJSTnlEQOoToYRx-pYkM7J8Gc,PLACE_ID
Vu's Custom Clothier,Professional Services,Alterations,308 Coit Rd #100,TX,75075,,,,,,,,,,,Vietnamese/English,Tailor,Yes,,,Vus Custom Clothier Plano,,https://www.google.com/maps/place/?q=place_id:ChIJj8lJdmAiTIYRc5Dg6xlRCWA,PLACE_ID
Sun's Tailor,Professional Services,Alterations,621 W Plano Pkwy #238,TX,75075,,,,,,,,,,,Vietnamese/English,Tailor,Yes,,,Suns Tailor Plano,,https://www.google.com/maps/place/?q=place_id:ChIJS7Kwd94YTIYR30Ahxle7-qA,PLACE_ID
Dry Clean Super Center,Professional Services,Dry Cleaner,3220 N Fitzhugh Ave,TX,75204,,,,,,,,,,,Vietnamese/English,Dry Cleaner,Yes,,,Dry Clean Super Center Dallas,,https://www.google.com/maps/place/?q=place_id:ChIJUereE9ieToYRDtUUYU1aQ1s,PLACE_ID
St. Peter Vietnamese Catholic Church,Religious,Catholic Church,10123 Garland Road,TX,75218,(214) 321-9493,6:00 PM,6:00 PM,CLOSED,6:00 PM,6:00 PM,8:30 AM & 6:00 PM,10:00 AM & 12:00 PM,,stpetervndal.org,Vietnamese/English,Vietnamese Catholic masses,Yes,,,St Peter Vietnamese Dallas,,https://www.google.com/maps/place/?q=place_id:ChIJ1w9X0hGhToYR7qqjwmZ38Wg,PLACE_ID
St. Joseph Vietnamese Catholic Church,Religious,Catholic Church,1902 S. Beltline Rd.,TX,75051,(972) 237-1700,6:30 PM,6:30 PM,6:30 PM,6:30 PM,6:30 PM,8:00 AM & 6:00 PM,9:00 AM & 11:00 AM,,sjvncc.org,Vietnamese/English,Vietnamese Catholic masses,Yes,,,St Joseph GP,,https://www.google.com/maps/place/?q=place_id:ChIJGx24cO-FToYR99YgzhQt7Bw,PLACE_ID
Chua Dao Quang,Religious,Buddhist Temple,3522 North Garland Avenue,TX,75040,(972) 414-3439,8:00 AM - 10:00 PM,8:00 AM - 10:00 PM,8:00 AM - 10:00 PM,8:00 AM - 10:00 PM,8:00 AM - 11:00 PM,8:00 AM - 10:00 PM,8:00 AM - 8:00 PM,,,Vietnamese/English,Buddhist temple,Yes,,,Chua Dao Quang Garland,,https://www.google.com/maps/place/?q=place_id:ChIJ80SSATMcTIYRPo1Wo6Ijt6k,PLACE_ID
Unity Vietnamese Baptist Church,Religious,Baptist Church,1616 G Ave,TX,75074,(469) 670-5319,CLOSED,CLOSED,CLOSED,CLOSED,CLOSED,CLOSED,10:00 AM,,unityvbc.org,Vietnamese/English,"Worship service, Bible study (Thu 8 PM)",Yes,,Moved to Plano 2019,Unity Baptist Plano,,https://www.google.com/maps/place/?q=place_id:ChIJ79JpLh0ZTIYRThMvNVNNtDw,PLACE_ID
Vietnamese Faith Baptist Church,Religious,Baptist Church,11312 Shiloh Road,TX,75228,(972) 270-1557,CLOSED,CLOSED,CLOSED,CLOSED,CLOSED,CLOSED,9:30 AM,,vietfaith.org,Vietnamese/English,"Sunday worship, Sunday school",Yes,,,Vietnamese Faith Baptist Dallas,,https://www.google.com/maps/place/?q=place_id:ChIJb7Ai6iyhToYR3S7vm-osu4o,PLACE_ID
Tu Vien Lien Hoa,Religious,Buddhist Temple,2014 Rose St,TX,75061,(972) 438-2022,,,,,,,,,,Vietnamese/English,First Vietnamese Theravada temple in Texas,Yes,,,Lien Hoa Temple Irving,,https://www.google.com/maps/place/?q=place_id:ChIJVSvGniaDToYRfkA99LUUzYc,PLACE_ID
Huong Dao Temple,Religious,Buddhist Temple,4717 E Rosedale St,TX,76105,(817) 534-4480,,,,,,,,,,Vietnamese/English,Buddhist Temple & Center,Yes,,,Huong Dao Temple Fort Worth,,https://www.google.com/maps/place/?q=place_id:ChIJbRbeXIh6ToYRQtWxhpp5yNU,PLACE_ID
Vietnamese Martyrs Catholic Church,Religious,Catholic Church,801 E Mayfield Rd,TX,76014,(817) 465-9856,,,,,,,,,,Vietnamese/English,"Daily Mass, Vietnamese",Yes,,,Vietnamese Martyrs Arlington,,https://www.google.com/maps/place/?q=place_id:ChIJgc8QhK5iToYRh_7WT0Y7VTU,PLACE_ID
Sacred Heart of Jesus Catholic Church,Religious,Catholic Church,2121 N 1st St,TX,75040,(972) 276-8571,,,,,,,,,,Vietnamese/English,Vietnamese Ministry,Yes,,,Sacred Heart Catholic Garland,,https://www.google.com/maps/place/?q=place_id:ChIJT1B4wcUCTIYRh4C0lj6VogI,PLACE_ID
Lien Hoa Temple,Religious,Buddhist Temple,2014 Rose St,TX,75061,,,,,,,,,,,Vietnamese/English,Buddhist Temple,Yes,,,Lien Hoa Temple Irving,,https://www.google.com/maps/place/?q=place_id:ChIJVSvGniaDToYRfkA99LUUzYc,PLACE_ID
Chua Dao Quang,Religious,Buddhist Temple,3522 N Garland Ave,TX,75040,,,,,,,,,,,Vietnamese/English,Buddhist Temple,Yes,,,Chua Dao Quang Garland,,https://www.google.com/maps/place/?q=place_id:ChIJ80SSATMcTIYRPo1Wo6Ijt6k,PLACE_ID
St Peter Vietnamese Catholic Church,Religious,Catholic Church,10123 Garland Rd,TX,75218,,,,,,,,,,,Vietnamese/English,Vietnamese Catholic Church,Yes,,,St Peter Catholic Dallas,,https://www.google.com/maps/place/?q=place_id:ChIJ1w9X0hGhToYR7qqjwmZ38Wg,PLACE_ID
Lee's Sandwiches,Restaurant,Vietnamese,3212 N Jupiter Rd,TX,75044,(972) 530-5388,7:00 AM - 7:40 PM,7:00 AM - 7:40 PM,7:00 AM - 7:40 PM,7:00 AM - 7:40 PM,7:00 AM - 7:40 PM,7:00 AM - 7:40 PM,7:00 AM - 7:40 PM,,,Vietnamese/English,,Yes,,"Vietnamese sandwiches, chain quality","Lee's Sandwiches Garland TX""",,https://www.google.com/maps/place/?q=place_id:ChIJw2knOYoeTIYRtG8UyCezqGo,PLACE_ID
Dong Que Vietnamese Restaurant (Quan Ngon 89),Restaurant,Vietnamese,3555 W. Walnut St. #205,TX,75042,(469) 298-2747,10:00 AM - 9:45 PM,10:00 AM - 9:45 PM,10:00 AM - 9:45 PM,10:00 AM - 9:45 PM,10:00 AM - 9:45 PM,10:00 AM - 9:45 PM,10:00 AM - 9:45 PM,,,Vietnamese/English,,Yes,,,Dong Que Restaurant Garland,,https://www.google.com/maps/place/?q=place_id:ChIJFxBA4hUeTIYRdvR2wWyIeb4,PLACE_ID
Nam Hua Vietnamese Cuisine,Restaurant,Vietnamese,3112 N Jupiter Rd #305,TX,75044,Contact via Cali Saigon Mall,10:00 AM - 9:00 PM,10:00 AM - 9:00 PM,10:00 AM - 9:00 PM,10:00 AM - 9:00 PM,10:00 AM - 9:00 PM,10:00 AM - 9:00 PM,10:00 AM - 9:00 PM,,,Vietnamese/English,,Yes,,,"Nam Hua Vietnamese Cuisine Garland""",,https://www.google.com/maps/place/?q=place_id:ChIJD9INgIoeTIYR1ltfsoMTT2I,PLACE_ID
GOC HUE,Restaurant,Vietnamese,3315 Belt Line Road,TX,75044,(972) 496-2525,,,,**CLOSED**,,,,,,Vietnamese/English,,Yes,,,GOC HUE Garland TX,,https://www.google.com/maps/place/?q=place_id:ChIJQ8JhAcIfTIYRllOkgk_Vikk,PLACE_ID
Pho Chau's Vietnamese Restaurant,Restaurant,Vietnamese,3265 Broadway Blvd Suite 103,TX,75043,(972) 278-0612,,**CLOSED**,10:00 AM - 9:00 PM,10:00 AM - 9:00 PM,10:00 AM - 9:00 PM,10:00 AM - 9:00 PM,,,,Vietnamese/English,,Yes,,,Pho Chau's Garland TX,,https://www.google.com/maps/place/?q=place_id:ChIJW82176mnToYRl3oBX_sRF1M,PLACE_ID
Lua Kitchen,Restaurant,Vietnamese,5014 N Jupiter Rd,TX,75044,(214) 238-7161,,,**CLOSED**,,,,10:00 AM - 9:00 PM,,,Vietnamese/English,,Yes,,,Lua Kitchen Garland,,https://www.google.com/maps/place/?q=place_id:ChIJB6otEAAfTIYR1CcVIN51BgI,PLACE_ID
Pho Ca Dao Noodle & Grill,Restaurant,Vietnamese,4545 W Walnut St,TX,75042,(972) 487-5724,,,,,5:00 PM - 1:45 AM,5:00 PM - 1:45 AM,,,,Vietnamese/English,,Yes,,Late night hours,"Pho Ca Dao Garland""",,https://www.google.com/maps/place/?q=place_id:ChIJ5WnbAjQeTIYRKvOZP3C4_eY,PLACE_ID
Che Banh Mi #1,Restaurant,Vietnamese,3212 N Jupiter Rd #137 & 138,TX,75044,(972) 495-8882,8:00 AM - 8:00 PM,8:00 AM - 8:00 PM,8:00 AM - 8:00 PM,8:00 AM - 8:00 PM,8:00 AM - 8:00 PM,8:00 AM - 8:00 PM,8:00 AM - 8:00 PM,,,Vietnamese/English,,Yes,,,"Che Banh Mi 1 Garland""",,https://www.google.com/maps/place/?q=place_id:ChIJGeN2O4oeTIYRtVwzEJMd5Vw,PLACE_ID
Banh Mi Cali,Restaurant,Vietnamese,"3565 W Walnut St, Suite H",TX,75042,(469) 286-6617,8:00 AM - 8:00 PM,8:00 AM - 8:00 PM,8:00 AM - 8:00 PM,8:00 AM - 8:00 PM,8:00 AM - 8:00 PM,8:00 AM - 8:00 PM,8:00 AM - 8:00 PM,,,Vietnamese/English,,Yes,,,Banh Mi Cali Garland,,https://www.google.com/maps/place/?q=place_id:ChIJQX3jexkfTIYR90ohiND1fdk,PLACE_ID
Laxanh Restaurant,Restaurant,Vietnamese,3575 W Walnut St,TX,75042,(214) 299-9285,11:00 AM - 9:00 PM,11:00 AM - 9:00 PM,11:00 AM - 9:00 PM,11:00 AM - 9:00 PM,11:00 AM - 9:00 PM,11:00 AM - 9:00 PM,11:00 AM - 10:00 PM,,,Vietnamese/English,,Yes,,,Laxanh Restaurant Garland,,https://www.google.com/maps/place/?q=place_id:ChIJC2GF7hUeTIYRMswvM-sde-0,PLACE_ID
DaLat Vietnamese Restaurant & Bar,Restaurant,Vietnamese,2537 N Fitzhugh Ave,TX,75204,(214) 827-3200,,,,,11:00 AM - 11:00 PM,11:00 AM - 11:00 PM,,,,Vietnamese/English,,Yes,,"Karaoke available, late night","DaLat Restaurant Dallas""",,https://www.google.com/maps/place/?q=place_id:ChIJXdzVXi6fToYR0XMPVJAfIG0,PLACE_ID
Ngon Vietnamese Kitchen,Restaurant,Vietnamese,1907 Greenville Ave,TX,75206,Contact restaurant,12:00 PM - 9:00 PM,12:00 PM - 9:00 PM,12:00 PM - 9:00 PM,12:00 PM - 9:00 PM,12:00 PM - 10:00 PM,12:00 PM - 10:00 PM,,,,Vietnamese/English,,Yes,,"Women-led, Ha Noi street food inspired","Ngon Vietnamese Kitchen Dallas""",,https://www.google.com/maps/place/?q=place_id:ChIJb0riO4KfToYRCT26hpHN0bo,PLACE_ID
I Luv Pho,Restaurant,Vietnamese,7929 Forest Ln,TX,75230,(972) 803-6269,,,,,10:30 AM - 8:30 PM,10:30 AM - 8:30 PM,,,,Vietnamese/English,,Yes,,,I Luv Pho Dallas,,https://www.google.com/maps/place/?q=place_id:ChIJeU_72xIgTIYRRVHhDnVtqDU,PLACE_ID
Pho Crimson,Restaurant,Vietnamese,3000 Blackburn St #140c,TX,75204,Contact restaurant,11:00 AM - 8:45 PM,11:00 AM - 8:45 PM,11:00 AM - 8:45 PM,11:00 AM - 8:45 PM,11:00 AM - 8:45 PM,11:00 AM - 8:45 PM,11:00 AM - 8:45 PM,,,Vietnamese/English,,Yes,,,"Pho Crimson Dallas""",,https://www.google.com/maps/place/?q=place_id:ChIJS5ZkstWeToYRAa4Dq_YWr2M,PLACE_ID
Pho Vietz,Restaurant,Vietnamese,2555 Inwood Rd Unit 143,TX,75235,(214) 272-3682,11:00 AM - 9:00 PM,11:00 AM - 9:00 PM,11:00 AM - 9:00 PM,11:00 AM - 9:00 PM,11:00 AM - 9:00 PM,11:00 AM - 9:00 PM,11:00 AM - 5:00 PM,,,Vietnamese/English,,Yes,,,Pho Vietz Dallas,,https://www.google.com/maps/place/?q=place_id:ChIJ3wIheyifToYR7SA74TRFUek,PLACE_ID
Pho Midway,Restaurant,Vietnamese,17610 Midway Rd Ste 140,TX,75287,(972) 685-9949,,**CLOSED**,,,,,,,,Vietnamese/English,,Yes,,"Family-operated, serves Farmers Branch area","Pho Midway Dallas""",,https://www.google.com/maps/place/?q=place_id:ChIJhSriGgQkTIYRXjVdfBr7-rw,PLACE_ID
Pho DK,Restaurant,Vietnamese,14891 Preston Road #130,TX,75254,(972) 708-1050,,,,,,,,,,Vietnamese/English,,Yes,,30 years family experience from Saigon,"Pho DK Dallas""",,https://www.google.com/maps/place/?q=place_id:ChIJw3IMDRAhTIYRyDNOuudmneI,PLACE_ID
LaVui Vietnamese Restaurant,Restaurant,Vietnamese,5321 Maple Ave,TX,75235,Contact restaurant,,11:00 AM - 3:00 PM & 4:30 PM - 9:00 PM,,11:00 AM - 3:00 PM & 4:30 PM - 11:00 PM,,11:00 AM - 11:00 PM,3:00 PM - 11:00 PM,,,Vietnamese/English,,Yes,,,LaVui Restaurant Dallas,,https://www.google.com/maps/place/?q=place_id:ChIJO1XXaN-fToYRAuyP8PExA1g,PLACE_ID
Nammi Vietnamese Street Food,Restaurant,Vietnamese,920 S Harwood St,TX,75201,Contact restaurant,11:00 AM - 6:00 PM,11:00 AM - 6:00 PM,11:00 AM - 6:00 PM,11:00 AM - 6:00 PM,11:00 AM - 6:00 PM,10:00 AM - 6:00 PM,10:00 AM - 6:00 PM,,,Vietnamese/English,,Yes,,,"Nammi Vietnamese Dallas""",,https://www.google.com/maps/place/?q=place_id:ChIJ5WWLd-GYToYRFpSR-x7CLoA,PLACE_ID
Bep Nha Vietnamese Kitchen,Restaurant,Vietnamese,9780 Walnut St Suite 120,TX,75243,(972) 644-6995,10:00 AM - 5:00 PM,**CLOSED**,10:00 AM - 9:00 PM,10:00 AM - 9:00 PM,10:00 AM - 9:00 PM,10:00 AM - 9:00 PM,9:00 AM - 9:00 PM,,,Vietnamese/English,,Yes,,,Bep Nha Dallas,,https://www.google.com/maps/place/?q=place_id:ChIJdSAmhHQfTIYR3yBKYtFLvG4,PLACE_ID
Pho Hanabi,Restaurant,Vietnamese,10675 Northwest Hwy #1635,TX,75238,(214) 221-0903,11:00 AM - 8:30 PM,11:00 AM - 8:30 PM,11:00 AM - 8:30 PM,11:00 AM - 8:30 PM,11:00 AM - 8:30 PM,11:00 AM - 8:30 PM,11:00 AM - 7:30 PM,,,Vietnamese/English,,Yes,,,Pho Hanabi Dallas,,https://www.google.com/maps/place/?q=place_id:ChIJM8uoFRuhToYRWDzZfGja4Ts,PLACE_ID
Mot Hai Ba Vietnamese,Restaurant,Vietnamese,6047 Lewis St.,TX,75206,Contact restaurant,**CLOSED**,5:00 PM - 10:00 PM,5:00 PM - 10:00 PM,5:00 PM - 10:00 PM,5:00 PM - 11:00 PM,5:00 PM - 11:00 PM,5:00 PM - 9:00 PM,,,Vietnamese/English,,Yes,,Dinner only,"Mot Hai Ba Dallas""",,https://www.google.com/maps/place/?q=place_id:ChIJ79xTeE6fToYR8ioqjlo5ut8,PLACE_ID
Pho Kitchen,Restaurant,Vietnamese,8687 N Central Expy,TX,75225,(214) 706-3595,10:00 AM - 9:00 PM,10:00 AM - 9:00 PM,10:00 AM - 9:00 PM,10:00 AM - 9:00 PM,10:00 AM - 9:00 PM,10:00 AM - 9:00 PM,12:00 PM - 6:00 PM,,,Vietnamese/English,,Yes,,,Pho Kitchen Dallas,,https://www.google.com/maps/place/?q=place_id:ChIJi_vsiL6fToYR2AGazIc8Sbw,PLACE_ID
Pho Saigon #8,Restaurant,Vietnamese,2240 Royal Ln STE #102,TX,75229,(972) 290-0743,10:00 AM - 9:00 PM,10:00 AM - 9:00 PM,10:00 AM - 9:00 PM,10:00 AM - 9:00 PM,10:00 AM - 9:00 PM,10:00 AM - 9:00 PM,10:00 AM - 3:00 PM,,,Vietnamese/English,,Yes,,,Pho Saigon 8 Dallas,,https://www.google.com/maps/place/?q=place_id:ChIJRS7XjfMnTIYRrTBxNZLtbyk,PLACE_ID
Malai Kitchen,Restaurant,Vietnamese,3699 McKinney Ave Ste 319,TX,75204,(214) 599-7857,,,,,11:00 AM - 11:00 PM,11:00 AM - 11:00 PM,,,,Vietnamese/English,,Yes,,Vietnamese & Thai fusion,"Malai Kitchen Dallas""",,https://www.google.com/maps/place/?q=place_id:ChIJQyZ5EtSeToYRcb1Tv5sQL90,PLACE_ID
Banh Mi Dalat,Restaurant,Vietnamese,3733 N Josey Ln #115,TX,75007,Contact via website,9:00 AM - 7:00 PM,9:00 AM - 7:00 PM,9:00 AM - 7:00 PM,9:00 AM - 7:00 PM,9:00 AM - 7:00 PM,9:00 AM - 5:00 PM,**CLOSED**,,,Vietnamese/English,,Yes,,,Banh Mi Dalat Carrollton,,https://www.google.com/maps/place/?q=place_id:ChIJtcywArAlTIYREQm27bVWsU4,PLACE_ID
Pho Bistro,Restaurant,Vietnamese,"3052 Old Denton Rd, Suite 112",TX,75007,(972) 245-9600,10:00 AM - 7:30 PM,10:00 AM - 7:30 PM,10:00 AM - 7:30 PM,10:00 AM - 8:00 PM,10:00 AM - 8:00 PM,10:00 AM - 8:00 PM,**CLOSED**,,,Vietnamese/English,,Yes,,Family-owned since 2003,"Pho Bistro Carrollton""",,https://www.google.com/maps/place/?q=place_id:ChIJxSz5bu0lTIYRL0SD4ouYTyE,PLACE_ID
Pho Pasteur II,Restaurant,Vietnamese,1927 E Belt Line Rd,TX,75006,Contact restaurant,,,,,,,,,,Vietnamese/English,,Yes,,,Pho Pasteur II Carrollton,,https://www.google.com/maps/place/?q=place_id:ChIJuzxz2FwmTIYReyipRuggWfw,PLACE_ID
District One Saigon Street Food,Restaurant,Vietnamese,2540 Old Denton Rd #142,TX,75006,(972) 242-2609,11:00 AM - 10:00 PM,11:00 AM - 10:00 PM,11:00 AM - 10:00 PM,11:00 AM - 10:00 PM,11:00 AM - 10:00 PM,11:00 AM - 10:00 PM,11:00 AM - 10:00 PM,,,Vietnamese/English,,Yes,,Vietnamese vermicelli dishes,"District One Saigon Carrollton""",,https://www.google.com/maps/place/?q=place_id:ChIJM8-n2lQlTIYReoMlKj6Ho2s,PLACE_ID
Pho Express,Restaurant,Vietnamese,2012 E Belt Line Rd,TX,75006,(972) 417-1017,**CLOSED**,11:00 AM - 5:00 PM,11:00 AM - 5:00 PM,11:00 AM - 5:00 PM,11:00 AM - 5:00 PM,11:00 AM - 5:00 PM,11:00 AM - 5:00 PM,,,Vietnamese/English,,Yes,,Founded 2017,"Pho Express Carrollton""",,https://www.google.com/maps/place/?q=place_id:ChIJRZR1RlwmTIYR0VTCU1k5KFc,PLACE_ID
Ba Lee Sandwich Shop,Restaurant,Vietnamese,1927 E Belt Line Rd,TX,75006,(972) 416-5850,,9:00 AM - 5:00 PM,9:00 AM - 5:00 PM,9:00 AM - 5:00 PM,9:00 AM - 5:00 PM,9:00 AM - 2:00 PM,,,,Vietnamese/English,,Yes,,,Ba Lee Sandwich Carrollton,,https://www.google.com/maps/place/?q=place_id:ChIJuzxz2FwmTIYRxw2ySM7QrJ8,PLACE_ID
Kin's Restaurant,Restaurant,Vietnamese,1927 E Belt Line Rd #122,TX,75006,(469) 900-3007,**CLOSED**,,,,11:00 AM - 10:00 PM,11:00 AM - 10:00 PM,,,,Vietnamese/English,,Yes,,Vietnamese & Chinese fusion,"Kin's Restaurant Carrollton""",,https://www.google.com/maps/place/?q=place_id:ChIJI3329wsnTIYRrNq8xwI0eNg,PLACE_ID
Mập Kitchen,Restaurant,Vietnamese,2660 Kelly Blvd Apt 114,TX,75007,(469) 588-1433,10:30 AM - 8:30 PM,**CLOSED**,10:30 AM - 8:30 PM,10:30 AM - 8:30 PM,10:30 AM - 9:00 PM,10:30 AM - 9:00 PM,11:00 AM - 8:00 PM,,,Vietnamese/English,,Yes,,Vietnamese & Thai dishes,"Map Kitchen Carrollton""",,https://www.google.com/maps/place/?q=place_id:ChIJ6wV_XBwlTIYRIMWygzfi3q4,PLACE_ID
Trung Nguyen E-Coffee,Restaurant,Vietnamese,"2225 Old Denton Road, Unit 220",TX,75006,Contact restaurant,,,,,7:00 AM - 10:00 PM,7:00 AM - 10:00 PM,,,,Vietnamese/English,,Yes,,Vietnamese coffee specialist,"Trung Nguyen E-Coffee Carrollton""",,https://www.google.com/maps/place/?q=place_id:ChIJreFcDQAnTIYRF2PPYstbsqY,PLACE_ID
Pho Bac,Restaurant,Vietnamese,153 N Plano Rd,TX,75081,(972) 231-9205,8:00 AM - 9:00 PM,8:00 AM - 9:00 PM,8:00 AM - 9:00 PM,8:00 AM - 9:00 PM,8:00 AM - 9:00 PM,8:00 AM - 9:00 PM,8:00 AM - 8:00 PM,,,Vietnamese/English,,Yes,,Opens early at 8 AM,"Pho Bac Richardson TX""",,https://www.google.com/maps/place/?q=place_id:ChIJF9do3fgeTIYRi3dL_KcDcAA,PLACE_ID
Saigon Block,Restaurant,Vietnamese,"2150 East Arapaho Road, Suite 200",TX,75081,Contact restaurant,10:00 AM - 9:30 PM,10:00 AM - 9:30 PM,10:00 AM - 9:30 PM,10:00 AM - 9:30 PM,11:30 AM - 10:00 PM,10:00 AM - 10:00 PM,10:00 AM - 9:30 PM,,,Vietnamese/English,,Yes,,,Saigon Block Richardson TX,,https://www.google.com/maps/place/?q=place_id:ChIJedTRPJMeTIYRRR0WTTaes4w,PLACE_ID
Pho OK! of Richardson,Restaurant,Vietnamese,955 E Campbell Rd #100,TX,75081,(972) 203-7157,10:00 AM - 8:00 PM,10:00 AM - 8:00 PM,10:00 AM - 8:00 PM,10:00 AM - 8:00 PM,10:00 AM - 8:00 PM,11:00 AM - 5:00 PM,**CLOSED**,,,Vietnamese/English,,Yes,,,Pho OK Richardson,,https://www.google.com/maps/place/?q=place_id:ChIJlw_KticfTIYRd_hRDMniH_Q,PLACE_ID
Pho Sen Noodle & Grill,Restaurant,Vietnamese,"400 N Greenville Ave, Suite 15",TX,75081,(214) 484-1833,10:30 AM - 8:30 PM,**CLOSED**,10:30 AM - 8:30 PM,10:30 AM - 8:30 PM,10:30 AM - 8:30 PM,10:30 AM - 8:30 PM,10:30 AM - 8:30 PM,,,Vietnamese/English,,Yes,,,Pho Sen Richardson,,https://www.google.com/maps/place/?q=place_id:ChIJk7vIoEQfTIYRyDv7ox44lNg,PLACE_ID
Pho Legacy Vietnamese Noodle & Grill,Restaurant,Vietnamese,3109 N. Belt Line Rd Ste 142,TX,75062,(972) 871-9555,,,,,10:00 AM - 10:00 PM,10:00 AM - 10:00 PM,,,,Vietnamese/English,,Yes,,100+ Vietnamese dishes,"Pho Legacy Irving TX""",,https://www.google.com/maps/place/?q=place_id:ChIJTcjzkzCCToYRBRNWl8gpukQ,PLACE_ID
Pho MC,Restaurant,Vietnamese,7447 N MacArthur Blvd #170,TX,,Contact restaurant,,,,,,,,,,Vietnamese/English,,Yes,,,Pho MC Irving TX,,https://www.google.com/maps/place/?q=place_id:ChIJMWHmYjYpTIYRGhHoZD_D6Ek,PLACE_ID
Pho Empire,Restaurant,Vietnamese,3591 N Belt Line Rd,TX,75062,(972) 594-7259,,,,,,,,,,Vietnamese/English,,Yes,,,Pho Empire Irving,,https://www.google.com/maps/place/?q=place_id:ChIJ2dyDkzuCToYR8kECeK7zj7o,PLACE_ID
Pho Mac at Preston,Restaurant,Vietnamese,"8240 Preston Road, Suite 180",TX,75024,(469) 362-8676,11:00 AM - 9:00 PM,11:00 AM - 9:00 PM,11:00 AM - 9:00 PM,11:00 AM - 9:00 PM,11:00 AM - 9:00 PM,11:00 AM - 9:00 PM,11:00 AM - 8:00 PM,,,Vietnamese/English,,Yes,,,Pho Mac Plano,,https://www.google.com/maps/place/?q=place_id:ChIJj2bI2MQ9TIYRz1y_hYXQNP0,PLACE_ID
Pho Colonial (What The Pho),Restaurant,Vietnamese,"221 W. Parker Rd, Ste 550",TX,75023,(469) 543-1305,10:00 AM - 10:00 PM,10:00 AM - 10:00 PM,10:00 AM - 10:00 PM,10:00 AM - 10:00 PM,10:00 AM - 10:00 PM,10:00 AM - 10:00 PM,10:00 AM - 8:00 PM,,,Vietnamese/English,,Yes,,,What The Pho Plano,,https://www.google.com/maps/place/?q=place_id:ChIJhzRAzMcZTIYRhCtw0XsnWfg,PLACE_ID
Pho Que Huong Noodles & Grill (Jupiter Rd),Restaurant,Vietnamese,1401 Jupiter Rd #100,TX,75074,(945) 215-0607 or (972) 424-5205,11:00 AM - 8:30 PM,11:00 AM - 8:30 PM,11:00 AM - 8:30 PM,11:00 AM - 8:30 PM,11:00 AM - 8:30 PM,,,,,Vietnamese/English,,Yes,,,Pho Que Huong Jupiter Plano,,https://www.google.com/maps/place/?q=place_id:ChIJDYRt1pwYTIYRIml_St9OYMI,PLACE_ID
Pho One,Restaurant,Vietnamese,2305 S State Hwy 121,TX,75067,(972) 315-8888,,,,,10:30 AM - 10:00 PM,10:30 AM - 10:00 PM,,,,Vietnamese/English,,Yes,,,Pho One Lewisville TX,,https://www.google.com/maps/place/?q=place_id:ChIJ5XY_Ko4uTIYRHBe0oYLZY-4,PLACE_ID
Pho Que Huong (Lewisville),Restaurant,Vietnamese,291 E Round Grove Rd,TX,75067,(214) 488-9122,,,,,,,,,,Vietnamese/English,,Yes,,,Pho Que Huong Lewisville,,https://www.google.com/maps/place/?q=place_id:ChIJB-Gy4ZIuTIYRkxtr7RIQzic,PLACE_ID
Pho Bistro 2,Restaurant,Vietnamese,310 E Round Grove Rd Ste 100,TX,75067,(469) 763-3299,,,,,,,,,,Vietnamese/English,,Yes,,,Pho Bistro 2 Lewisville,,https://www.google.com/maps/place/?q=place_id:ChIJ-WCLgIgvTIYRkL6H5Coq6zY,PLACE_ID
Viet- Voyage Buffet,Restaurant,Vietnamese,2615 W Pioneer Pkwy,TX,75051,(972) 975-5123,11:00 AM - 4:00 PM & 5:00 PM - 9:00 PM,11:00 AM - 4:00 PM & 5:00 PM - 9:00 PM,11:00 AM - 4:00 PM & 5:00 PM - 9:00 PM,11:00 AM - 4:00 PM & 5:00 PM - 9:00 PM,11:00 AM - 4:00 PM & 5:00 PM - 10:00 PM,11:00 AM - 10:00 PM (continuous),11:00 AM - 10:00 PM (continuous),,,Vietnamese/English,,Yes,,,"Viet Voyage Buffet Grand Prairie""",,https://www.google.com/maps/place/?q=place_id:ChIJw36qcACHToYRciNUxvKJ0Zk,PLACE_ID
Pho Duc,Restaurant,Vietnamese,5224 S State Hwy 360 #240,TX,75052,(214) 444-5545,,,,,11:00 AM - 10:00 PM,11:00 AM - 10:00 PM,,,,Vietnamese/English,,Yes,,,Pho Duc Grand Prairie,,https://www.google.com/maps/place/?q=place_id:ChIJmdtRLi-JToYRhcpEaOBOpIw,PLACE_ID
Banh Mi Number 1,Restaurant,Vietnamese,2625 W Pioneer Pkwy #206,TX,75051,(972) 975-5159,,,8:00 AM - 8:00 PM,,,,,,,Vietnamese/English,,Yes,,,"Banh Mi Number 1 Grand Prairie""",,https://www.google.com/maps/place/?q=place_id:ChIJM3qkiy2GToYREg8gWAqL2Nw,PLACE_ID
Pho 544,Restaurant,Vietnamese,121 East FM 544,TX,75098,Contact restaurant,10:00 AM - 8:00 PM (Dining room closes 7:40 PM),10:00 AM - 8:00 PM (Dining room closes 7:40 PM),10:00 AM - 8:00 PM (Dining room closes 7:40 PM),10:00 AM - 8:00 PM (Dining room closes 7:40 PM),10:00 AM - 8:00 PM (Dining room closes 7:40 PM),10:00 AM - 8:00 PM (Dining room closes 7:40 PM),10:00 AM - 4:00 PM (Dining room closes 3:30 PM),,,Vietnamese/English,,Yes,,Family business,"Pho 544 Wylie TX""",,https://www.google.com/maps/place/?q=place_id:ChIJlS4nvG0bTIYRQ4NXRlUcJys,PLACE_ID
Pho Street Cafe,Restaurant,Vietnamese,3483 FM 544 #110,TX,75098,Contact restaurant,11:00 AM - 9:00 PM,11:00 AM - 9:00 PM,11:00 AM - 9:00 PM,11:00 AM - 9:00 PM,11:00 AM - 9:00 PM,11:00 AM - 9:00 PM,11:00 AM - 8:00 PM,,,Vietnamese/English,,Yes,,,Pho Street Cafe Wylie,,https://www.google.com/maps/place/?q=place_id:ChIJoel_qkYbTIYRRbXUbciFXF0,PLACE_ID
Panda Pho & Boba House,Restaurant,Vietnamese,6702 Dalrock Rd Ste 108,TX,75089,(469) 366-9710,**CLOSED**,11:00 AM - 7:00 PM,11:00 AM - 7:00 PM,11:00 AM - 7:00 PM,11:00 AM - 8:00 PM,11:00 AM - 8:00 PM,11:00 AM - 8:00 PM,,,Vietnamese/English,,Yes,,Pho & Boba combination,"Panda Pho Rowlett TX""",,https://www.google.com/maps/place/?q=place_id:ChIJv6UNgnICTIYRQS40ZgczF0U,PLACE_ID
Pho Garden,Restaurant,Vietnamese,423 E I-30,TX,75087,(972) 771-2777,11:00 AM - 9:00 PM (Dine-in),11:00 AM - 9:00 PM (Dine-in),11:00 AM - 9:00 PM (Dine-in),11:00 AM - 9:00 PM (Dine-in),11:00 AM - 9:00 PM (Dine-in),11:00 AM - 9:00 PM (Dine-in),,,,Vietnamese/English,,Yes,,Serves Sachse/Mesquite via delivery,"Pho Garden Rockwall TX""",,https://www.google.com/maps/place/?q=place_id:ChIJZ9QfNxOqToYRUBpB5A5IOc4,PLACE_ID
Healthy Banh Mi,Restaurant,Vietnamese,539 E Interstate 30,TX,75087,(469) 314-1294,10:00 AM - 7:00 PM,10:00 AM - 7:00 PM,10:00 AM - 7:00 PM,10:00 AM - 7:00 PM,10:00 AM - 7:00 PM,11:00 AM - 5:00 PM,**CLOSED**,,,Vietnamese/English,,Yes,,,Healthy Banh Mi Rockwall,,https://www.google.com/maps/place/?q=place_id:ChIJ_zaATBOqToYRMBtaZhg2iI8,PLACE_ID
Pho Yen Phi,Restaurant,Vietnamese,150 S Denton Tap Rd #112,TX,75019,(469) 312-3581,11:00 AM - 9:00 PM,11:00 AM - 9:00 PM,11:00 AM - 9:00 PM,11:00 AM - 9:00 PM,11:00 AM - 9:00 PM,11:00 AM - 9:00 PM,**CLOSED**,,,Vietnamese/English,,Yes,,,Pho Yen Phi Coppell,,https://www.google.com/maps/place/?q=place_id:ChIJGT_CkU4pTIYRlldoROZmf0Y,PLACE_ID
Pho Truong,Restaurant,Vietnamese,516 W Arapaho Rd #112,TX,75080,,,,,,,,,,,Vietnamese/English,Casual Vietnamese dining,Yes,,,Pho Truong Richardson,,https://www.google.com/maps/place/?q=place_id:ChIJfyEjCGkfTIYRYo5BCXEddSI,PLACE_ID
Banh Mi Dalat,Restaurant,Vietnamese,3733 N Josey Ln #115,TX,75007,,9:00 AM - 7:00 PM,9:00 AM - 7:00 PM,9:00 AM - 7:00 PM,9:00 AM - 7:00 PM,9:00 AM - 7:00 PM,9:00 AM - 5:00 PM,CLOSED,,,Vietnamese/English,Authentic Banh Mi,Yes,,,Banh Mi Dalat Carrollton,,https://www.google.com/maps/place/?q=place_id:ChIJtcywArAlTIYREQm27bVWsU4,PLACE_ID
Pho Pasteur II,Restaurant,Vietnamese,1927 E Belt Line Rd,TX,75006,,9:00 AM - 8:15 PM,9:00 AM - 8:15 PM,9:00 AM - 8:15 PM,9:00 AM - 8:15 PM,9:00 AM - 8:15 PM,9:00 AM - 8:15 PM,9:00 AM - 8:15 PM,,,Vietnamese/English,Pho restaurant,Yes,,,Pho Pasteur II Carrollton,,https://www.google.com/maps/place/?q=place_id:ChIJuzxz2FwmTIYReyipRuggWfw,PLACE_ID
Kins Restaurant,Restaurant,Vietnamese,1927 E Belt Line Rd #122,TX,75006,(469) 900-3007,CLOSED,11:00 AM - 9:00 PM,11:00 AM - 9:00 PM,11:00 AM - 9:00 PM,11:00 AM - 10:00 PM,11:00 AM - 10:00 PM,11:00 AM - 9:00 PM,,,Vietnamese/English,Vietnamese & Chinese fusion,Yes,,,Kins Restaurant Carrollton,,https://www.google.com/maps/place/?q=place_id:ChIJI3329wsnTIYRrNq8xwI0eNg,PLACE_ID
Map Kitchen,Restaurant,Vietnamese,2660 Kelly Blvd Apt 114,TX,75007,(469) 588-1433,10:30 AM - 8:30 PM,CLOSED,10:30 AM - 8:30 PM,10:30 AM - 8:30 PM,10:30 AM - 9:00 PM,10:30 AM - 9:00 PM,11:00 AM - 8:00 PM,,,Vietnamese/English,Vietnamese & Thai dishes,Yes,,,Map Kitchen Carrollton,,https://www.google.com/maps/place/?q=place_id:ChIJ6wV_XBwlTIYRIMWygzfi3q4,PLACE_ID
Saigon Block,Restaurant,Vietnamese,"2150 East Arapaho Road, Suite 200",TX,75081,,10:00 AM - 9:30 PM,10:00 AM - 9:30 PM,10:00 AM - 9:30 PM,10:00 AM - 9:30 PM,11:30 AM - 10:00 PM,10:00 AM - 10:00 PM,10:00 AM - 9:30 PM,,,Vietnamese/English,Vietnamese restaurant,Yes,,,Saigon Block Richardson TX,,https://www.google.com/maps/place/?q=place_id:ChIJedTRPJMeTIYRRR0WTTaes4w,PLACE_ID
Pho MC,Restaurant,Vietnamese,7447 N MacArthur Blvd #170,TX,,,,,,,,,,,,Vietnamese/English,Vietnamese restaurant,Yes,,,Pho MC Irving TX,,https://www.google.com/maps/place/?q=place_id:ChIJMWHmYjYpTIYRGhHoZD_D6Ek,PLACE_ID
Pho Que Huong Noodles & Grill,Restaurant,Vietnamese,1401 Jupiter Rd #100,TX,,(945) 215-0607,11:00 AM - 8:30 PM,11:00 AM - 8:30 PM,11:00 AM - 8:30 PM,11:00 AM - 8:30 PM,11:00 AM - 8:30 PM,CLOSED,CLOSED,,,Vietnamese/English,Noodles & Grill,Yes,,,Pho Que Huong Jupiter Plano,,https://www.google.com/maps/place/?q=place_id:ChIJDYRt1pwYTIYRIml_St9OYMI,PLACE_ID
Pho 544,Restaurant,Vietnamese,121 East FM 544,TX,75098,,10:00 AM - 8:00 PM,10:00 AM - 8:00 PM,10:00 AM - 8:00 PM,10:00 AM - 8:00 PM,10:00 AM - 8:00 PM,10:00 AM - 8:00 PM,10:00 AM - 4:00 PM,,,Vietnamese/English,Vietnamese pho,Yes,,Family business,Pho 544 Wylie TX,,https://www.google.com/maps/place/?q=place_id:ChIJlS4nvG0bTIYRQ4NXRlUcJys,PLACE_ID
Pho Street Cafe,Restaurant,Vietnamese,3483 FM 544 #110,TX,75098,,11:00 AM - 9:00 PM,11:00 AM - 9:00 PM,11:00 AM - 9:00 PM,11:00 AM - 9:00 PM,11:00 AM - 9:00 PM,11:00 AM - 9:00 PM,11:00 AM - 8:00 PM,,,Vietnamese/English,Vietnamese cafe,Yes,,,Pho Street Cafe Wylie,,https://www.google.com/maps/place/?q=place_id:ChIJoel_qkYbTIYRRbXUbciFXF0,PLACE_ID
Pho Garden Rockwall,Restaurant,Vietnamese,423 E I-30,TX,75087,(972) 771-2777,11:00 AM - 9:00 PM,11:00 AM - 9:00 PM,11:00 AM - 9:00 PM,11:00 AM - 9:00 PM,11:00 AM - 9:00 PM,11:00 AM - 9:00 PM,CLOSED,,,Vietnamese/English,Vietnamese restaurant,Yes,,,Pho Garden Rockwall TX,,https://www.google.com/maps/place/?q=place_id:ChIJZ9QfNxOqToYRUBpB5A5IOc4,PLACE_ID
Pho Pasteur,Restaurant,Vietnamese,1826 W Pioneer Pkwy,TX,76013,(817) 461-7600,10:00 AM - 9:00 PM,10:00 AM - 9:00 PM,10:00 AM - 9:00 PM,10:00 AM - 9:00 PM,10:00 AM - 9:00 PM,10:00 AM - 9:00 PM,10:00 AM - 9:00 PM,,,Vietnamese/English,"Vietnamese restaurant, established 1998",Yes,Since 1998,,Pho Pasteur Arlington TX,,https://www.google.com/maps/place/?q=place_id:ChIJDSSmSk99ToYRCqEQqJosHa8,PLACE_ID
Bistro B,Restaurant,Vietnamese,9780 Walnut St #340,TX,75243,(214) 575-9885,24 Hours,24 Hours,24 Hours,24 Hours,24 Hours,24 Hours,24 Hours,,,Vietnamese/English,"Pho, varied menu, 24/7",Yes,,,Bistro B Dallas,,https://www.google.com/maps/place/?q=place_id:ChIJe8T_YrgfTIYRCtzLxPb3XRI,PLACE_ID
Pho Tay Do,Restaurant,Vietnamese,1403 E Campbell Rd,TX,75081,(972) 238-8929,10:00 AM - 9:00 PM,10:00 AM - 9:00 PM,10:00 AM - 9:00 PM,10:00 AM - 9:00 PM,10:00 AM - 9:00 PM,10:00 AM - 9:00 PM,10:00 AM - 9:00 PM,,,Vietnamese/English,Authentic Pho,Yes,,,Pho Tay Do Richardson,,https://www.google.com/maps/place/?q=place_id:ChIJ_1OmAdseTIYR9j-yGQ87BQY,PLACE_ID
Pho Apple,Restaurant,Vietnamese,5930 W Park Blvd #400,TX,75093,(972) 248-8882,,,,,,,,,,Vietnamese/English,Vietnamese Cuisine,Yes,,,Pho Apple Plano,,https://www.google.com/maps/place/?q=place_id:ChIJIZ4VgYIjTIYRO8I0IY-8K1I,PLACE_ID
What The Pho,Restaurant,Vietnamese,7300 Lone Star Dr #C150,TX,75024,(972) 377-6238,,,,,,,,,,Vietnamese/English,Vietnamese Restaurant,Yes,,,What The Pho Plano,,https://www.google.com/maps/place/?q=place_id:ChIJhzRAzMcZTIYRhCtw0XsnWfg,PLACE_ID
Pho Boba House,Restaurant,Vietnamese,8505 Lakeview Pkwy #306,TX,75088,(972) 412-1400,,,,,,,,,,Vietnamese/English,"Pho, Boba Tea",Yes,,,Pho Boba House Rowlett,,https://www.google.com/maps/place/?q=place_id:ChIJv6UNgnICTIYRQS40ZgczF0U,PLACE_ID
Pho 78,Restaurant,Vietnamese,3510 Main St,TX,75088,(469) 998-9993,,,,,,,,,,Vietnamese/English,Vietnamese Pho,Yes,,,Pho 78 Rowlett,,https://www.google.com/maps/place/?q=place_id:ChIJ8TTHzqEdTIYRFef_rnbkRRc,PLACE_ID
Pho Big Bowl,Restaurant,Vietnamese,1025 W Hebron Pkwy #140,TX,75010,(972) 394-0199,,,,,,,,,,Vietnamese/English,Pho & Vietnamese Dishes,Yes,,,Pho Big Bowl Carrollton,,https://www.google.com/maps/place/?q=place_id:ChIJgf-6UgolTIYRRg6aCXkyMd0,PLACE_ID
Pho Xom,Restaurant,Vietnamese,3052 Old Denton Rd #108,TX,75007,(972) 242-2055,,,,,,,,,,Vietnamese/English,"Northern Vietnamese Pho, Coconut Coffee",Yes,,,Pho Xom Carrollton,,https://www.google.com/maps/place/?q=place_id:ChIJ10wUfTklTIYRcOffBnj1EUs,PLACE_ID
Cafe China & Pho,Restaurant,Vietnamese,3108 Old Denton Rd #102,TX,75007,(972) 245-5666,,,,,,,,,,Vietnamese/English,Chinese & Vietnamese fusion,Yes,,,Cafe China Pho Carrollton,,https://www.google.com/maps/place/?q=place_id:ChIJk68zQe0lTIYRNp-ViXLhVak,PLACE_ID
Kim Son Restaurant,Restaurant,Vietnamese,1601 E Arkansas Ln,TX,76010,(817) 277-2266,,,,,,,,,,Vietnamese/English,Vietnamese Cuisine,Yes,,,Kim Son Arlington,,https://www.google.com/maps/place/?q=place_id:ChIJDSSmSk99ToYRJIlBYpNQ5BQ,PLACE_ID
Thanh Thanh Vietnamese,Restaurant,Vietnamese,2515 E Arkansas Ln,TX,76010,(817) 274-0300,,,,,,,,,,Vietnamese/English,Vietnamese Restaurant,Yes,,,Thanh Thanh Arlington,,https://www.google.com/maps/place/?q=place_id:ChIJOf6C8NuHToYR6yDAmHz1wRE,PLACE_ID
Pho Empire,Restaurant,Vietnamese,3591 N Belt Line Rd,TX,75062,,,,,,,,,,,Vietnamese/English,Pho Restaurant,Yes,,,Pho Empire Irving,,https://www.google.com/maps/place/?q=place_id:ChIJ2dyDkzuCToYR8kECeK7zj7o,PLACE_ID
Pho Palace,Restaurant,Vietnamese,512 E Hwy 67,TX,75137,,,,,,,,,,,Vietnamese/English,Vietnamese Restaurant,Yes,,,Pho Palace Duncanville,,https://www.google.com/maps/place/?q=place_id:ChIJ2zjaqAFhToYR9VX2Ycm9PqY,PLACE_ID
Vietnam Restaurant,Restaurant,Vietnamese,4302 Bryan St,TX,75204,(214) 821-4542,,,,,,,,,,Vietnamese/English,Classic Vietnamese,Yes,,,Vietnam Restaurant Dallas,,https://www.google.com/maps/place/?q=place_id:ChIJ7-_pYc6YToYRrQhPXDQROI8,PLACE_ID
Mỹ Lan Restaurant,Restaurant,Vietnamese,4015 E Belknap St,TX,76117,(817) 834-2977,9:00 AM - 9:00 PM,9:00 AM - 9:00 PM,9:00 AM - 9:00 PM,9:00 AM - 9:00 PM,9:00 AM - 9:00 PM,9:00 AM - 9:00 PM,9:00 AM - 9:00 PM,,,Vietnamese/English,Authentic Vietnamese,Yes,,,My Lan Restaurant Haltom City,,https://www.google.com/maps/place/?q=place_id:ChIJ079Z2DV3ToYR3dQWykKCvBQ,PLACE_ID
Vĩnh Bình,Restaurant,Vietnamese,5310 E Belknap St Ste D,TX,76117,(817) 831-2999,,,,,,,,,,Vietnamese/English,Vietnamese Cuisine,Yes,,,Vinh Binh Haltom City,,https://www.google.com/maps/place/?q=place_id:ChIJUUSMxF53ToYRriSt_qcL1Zk,PLACE_ID
Bun Dong Ba,Restaurant,Vietnamese,4023 E Belknap St #B,TX,76117,(817) 222-9900,,,,,,,,,,Vietnamese/English,Hue Style Noodle Soup,Yes,,,Bun Dong Ba Haltom City,,https://www.google.com/maps/place/?q=place_id:ChIJK7ebDjZ3ToYRu6h358coa0I,PLACE_ID
Phở Thiên Ý,Restaurant,Vietnamese,4045 E Belknap St #1,TX,76117,(817) 831-2012,,,,,,,,,,Vietnamese/English,Pho Noodle Soup,Yes,,,Pho Thien Y Haltom City,,https://www.google.com/maps/search/?api=1&query=Ph%C3%A1%C2%BB%C5%B8%20Thi%C3%83%C2%AAn%20%C3%83%C2%9D%204045%20E%20Belknap%20St%20%231%20TX%2076117,SEARCH
Saigon Deli,Restaurant,Vietnamese,5304 E Belknap St,TX,76117,(817) 838-8985,,,,,,,,,,Vietnamese/English,Banh Mi & Deli,Yes,,,Saigon Deli Haltom City,,https://www.google.com/maps/place/?q=place_id:ChIJL52e2l53ToYRBw2G7cV4WuY,PLACE_ID
Pho Hung Grand Prairie,Restaurant,Vietnamese,2615 W Pioneer Pkwy #108,TX,75051,(972) 988-2883,,,,,,,,,,Vietnamese/English,Pho Restaurant,Yes,,,Pho Hung Grand Prairie,,https://www.google.com/maps/place/?q=place_id:ChIJgUVKiy2GToYR7_LZTFL6qbw,PLACE_ID
First Noodle/First Tofu,Restaurant,Vietnamese,2615 W Pioneer Pkwy #120,TX,75051,,,,,,,,,,,Vietnamese/English,Tofu & Noodle Specialist,Yes,,,First Noodle Grand Prairie,,https://www.google.com/maps/place/?q=place_id:ChIJZy1XkTeHToYRjqjNujYMt1U,PLACE_ID
Pho Ngon 999,Restaurant,Vietnamese,2615 W Pioneer Pkwy #123,TX,75051,,,,,,,,,,,Vietnamese/English,Pho Restaurant,Yes,,,Pho Ngon 999 Grand Prairie,,https://www.google.com/maps/place/?q=place_id:ChIJH9ic0y2GToYRi_FvAL2lwRk,PLACE_ID
Pho 95 Cooper,Restaurant,Vietnamese,5005 S Cooper St #187,TX,76017,(817) 465-5999,,,,,,,,,,Vietnamese/English,Asian Fusion & Pho,Yes,,,Pho 95 Cooper Arlington,,https://www.google.com/maps/place/?q=place_id:ChIJSbNU_eJiToYROODt1ZnzUiI,PLACE_ID
Pho 95 Arkansas,Restaurant,Vietnamese,2525 E Arkansas Ln #233,TX,76010,(817) 303-9999,,,,,,,,,,Vietnamese/English,Asian Fusion & Pho,Yes,,,Pho 95 Arkansas Arlington,,https://www.google.com/maps/place/?q=place_id:ChIJ6yUI8NuHToYR3ZOIg8p6T4M,PLACE_ID
Ba Le Restaurant,Restaurant,Vietnamese,2240 Browning Dr,TX,76010,(817) 274-0697,,,,,,,,,,Vietnamese/English,Traditional Vietnamese,Yes,,,Ba Le Restaurant Arlington,,https://www.google.com/maps/place/?q=place_id:ChIJrW6tUvqHToYRxEoC_-FvFQk,PLACE_ID
Pho Pasteur Arlington,Restaurant,Vietnamese,3330 Matlock Rd #102,TX,76015,(817) 468-2321,,,,,,,,,,Vietnamese/English,Pho Restaurant,Yes,,,Pho Pasteur Arlington,,https://www.google.com/maps/place/?q=place_id:ChIJDSSmSk99ToYRCqEQqJosHa8,PLACE_ID
Pho Banh Mi Viet,Restaurant,Vietnamese,7630 N Beach St #110,TX,76137,(817) 769-9999,9:00 AM - 9:00 PM,,9:00 AM - 9:00 PM,9:00 AM - 9:00 PM,9:00 AM - 9:30 PM,9:00 AM - 9:30 PM,10:00 AM - 8:30 PM,,,Vietnamese/English,Pho & Banh Mi,Yes,,,Pho Banh Mi Viet Fort Worth,,https://www.google.com/maps/place/?q=place_id:ChIJvzOX1SDZTYYRwMIUug4sNsU,PLACE_ID
Pho Noodle & Grill,Restaurant,Vietnamese,4601 West Fwy,TX,76107,(817) 737-3333,11:00 AM - 9:00 PM,11:00 AM - 9:00 PM,11:00 AM - 9:00 PM,11:00 AM - 9:00 PM,11:00 AM - 9:00 PM,11:00 AM - 9:00 PM,11:00 AM - 9:00 PM,,,Vietnamese/English,Noodle & Grill,Yes,,,Pho Noodle Grill Fort Worth,,https://www.google.com/maps/place/?q=place_id:ChIJQdOpAqxzToYRMgdywkcnBnk,PLACE_ID
Pho House,Restaurant,Vietnamese,9400 Clifford St,TX,76108,,,,,,,,,,,Vietnamese/English,Pho Specialist,Yes,,,Pho House Fort Worth,,https://www.google.com/maps/place/?q=place_id:ChIJ3Rc8G4AMToYRA88YGDv8Lfc,PLACE_ID
Pho Hop,Restaurant,Vietnamese,5022 E Belknap St,TX,76117,,,,,,,,,,,Vietnamese/English,Pho & Broth Specialist,Yes,,,Pho Hop Haltom City,,https://www.google.com/maps/place/?q=place_id:ChIJx8SXDFt3ToYRUs4lbChJftw,PLACE_ID
I Luv Pho,Restaurant,Vietnamese,8350 N MacArthur Blvd #100,TX,75063,(972) 401-0100,,,,,,,,,,Vietnamese/English,Pho Restaurant,Yes,,,I Luv Pho Irving,,https://www.google.com/maps/place/?q=place_id:ChIJJ3F8pVEoTIYRsoX7Z22-FPQ,PLACE_ID
Pho Legacy,Restaurant,Vietnamese,3109 N Belt Line Rd #142,TX,75062,(972) 570-5657,,,,,,,,,,Vietnamese/English,Pho & Grill,Yes,,,Pho Legacy Irving,,https://www.google.com/maps/place/?q=place_id:ChIJTcjzkzCCToYRBRNWl8gpukQ,PLACE_ID
Pho One Lewisville,Restaurant,Vietnamese,2305 S State Hwy 121 #101,TX,75067,,,,,,,,,,,Vietnamese/English,Pho Restaurant,Yes,,,Pho One Lewisville,,https://www.google.com/maps/place/?q=place_id:ChIJ5XY_Ko4uTIYRHBe0oYLZY-4,PLACE_ID
Pho Que Huong Lewisville,Restaurant,Vietnamese,291 E Round Grove Rd,TX,75067,,,,,,,,,,,Vietnamese/English,Pho Restaurant,Yes,,,Pho Que Huong Lewisville,,https://www.google.com/maps/place/?q=place_id:ChIJB-Gy4ZIuTIYRkxtr7RIQzic,PLACE_ID
Texas Pho House,Restaurant,Vietnamese,9144 Prestmont Pl #200,TX,75035,,,,,,,,,,,Vietnamese/English,Pho House,Yes,,,Texas Pho House Frisco,,https://www.google.com/maps/place/?q=place_id:ChIJQYAWcI09TIYRmgSZsuCCnJ0,PLACE_ID
Pho Que Huong Frisco,Restaurant,Vietnamese,5110 Eldorado Pkwy #200,TX,75033,,,,,,,,,,,Vietnamese/English,Pho Restaurant,Yes,,,Pho Que Huong Frisco,,https://www.google.com/maps/place/?q=place_id:ChIJ2T6g7k45TIYRi4j6ydke26I,PLACE_ID
Pho Lane,Restaurant,Vietnamese,7551 Eldorado Pkwy #500,TX,75070,,,,,,,,,,,Vietnamese/English,Pho Restaurant,Yes,,,Pho Lane McKinney,,https://www.google.com/maps/place/?q=place_id:ChIJZd3IWxcVTIYRcVK-znsiqT8,PLACE_ID
King Noodle Sushi,Restaurant,Vietnamese,909 Tripp Rd #130,TX,75150,,,,,,,,,,,Vietnamese/English,Asian Fusion,Yes,,,King Noodle Mesquite,,https://www.google.com/maps/place/?q=place_id:ChIJV_tO2dalToYRd2LEj-D0AME,PLACE_ID
Pho Bistro McKinney,Restaurant,Vietnamese,1720 W University Dr,TX,75069,,,,,,,,,,,Vietnamese/English,Pho Restaurant,Yes,,,Pho Bistro McKinney,,https://www.google.com/maps/place/?q=place_id:ChIJFS4zXAoTTIYRK2c9QAAazIs,PLACE_ID
Pho Lane Express,Restaurant,Vietnamese,7551 Eldorado Pkwy #500,TX,75070,,,,,,,,,,,Vietnamese/English,Express Vietnamese,Yes,,,Pho Lane Express McKinney,,https://www.google.com/maps/place/?q=place_id:ChIJZd3IWxcVTIYRcVK-znsiqT8,PLACE_ID
Pho Que Huong McKinney,Restaurant,Vietnamese,1720 Eldorado Pkwy #101,TX,75069,,,,,,,,,,,Vietnamese/English,Pho Restaurant,Yes,,,Pho Que Huong McKinney,,https://www.google.com/maps/place/?q=place_id:ChIJU9yordgTTIYRNHJZuZg1Oew,PLACE_ID
Pho Crystal,Restaurant,Vietnamese,431 E Stacy Rd #105,TX,75002,,,,,,,,,,,Vietnamese/English,Pho Restaurant,Yes,,,Pho Crystal Allen,,https://www.google.com/maps/place/?q=place_id:ChIJfa-uzCERTIYR1NCWN0j_Ank,PLACE_ID
Miss Saigon Cafe Hurst,Restaurant,Vietnamese,932 Melbourne Rd,TX,76053,(817) 284-7735,,,,,,,,,,Vietnamese/English,Cafe & Boba,Yes,,,Miss Saigon Cafe Hurst,,https://www.google.com/maps/place/?q=place_id:ChIJDzFneyB5ToYRsY6ZPQ-P7P0,PLACE_ID
Pho One Hurst,Restaurant,Vietnamese,724 Grapevine Hwy,TX,76054,,,,,,,,,,,Vietnamese/English,Pho Restaurant,Yes,,,Pho One Hurst,,https://www.google.com/maps/place/?q=place_id:ChIJw1oj6EV5ToYRcYz_3d_nzO0,PLACE_ID
Not Just Pho,Restaurant,Vietnamese,316 E Pipeline Rd,TX,76053,,,,,,,,,,,Vietnamese/English,Authentic Vietnamese,Yes,,,Not Just Pho Hurst,,https://www.google.com/maps/place/?q=place_id:ChIJFd9H51N_ToYRkW0TOQe1vsQ,PLACE_ID
V's House,Restaurant,Vietnamese,8743 W Bedford Euless Rd,TX,76180,,,,,,,,,,,Vietnamese/English,Elevated Vietnamese,Yes,,,Vs House NRH,,https://www.google.com/maps/place/?q=place_id:ChIJt8Py_yt5ToYRmv1uScnzypI,PLACE_ID
Banh Mi Dalat Carrollton,Restaurant,Vietnamese,3733 N Josey Ln,TX,75007,,,,,,,,,,,Vietnamese/English,Banh Mi & Pho,Yes,,,Banh Mi Dalat Carrollton,,https://www.google.com/maps/place/?q=place_id:ChIJtcywArAlTIYREQm27bVWsU4,PLACE_ID
Viet FastFood,Restaurant,Vietnamese,2704 E Southlake Blvd #102,TX,76092,,,,,,,,,,,Vietnamese/English,Pho & Fast Food,Yes,,,Viet FastFood Southlake,,https://www.google.com/maps/place/?q=place_id:ChIJHQfpAgLVTYYRbKZuk4fe-Hk,PLACE_ID
Malai Kitchen Southlake,Restaurant,Asian Fusion,1161 E Southlake Blvd,TX,,,,,,,,,,,Vietnamese/English,Thai & Vietnamese,Yes,,,Malai Kitchen Southlake,,,https://www.google.com/maps/place/?q=place_id:ChIJGTHfmPXUTYYRWqfplORsQck,PLACE_ID
My Lan Vietnamese Kitchen,Restaurant,Vietnamese,5307 Colleyville Blvd,TX,76034,,,,,,,,,,,Vietnamese/English,Vietnamese Kitchen,Yes,,,My Lan Colleyville,,https://www.google.com/maps/place/?q=place_id:ChIJOyPdgPLVTYYRpTp2hu3rnf0,PLACE_ID
Pho Duy Colleyville,Restaurant,Vietnamese,3930 Glade Rd #126,TX,76034,,,,,,,,,,,Vietnamese/English,Pho Restaurant,Yes,,,Pho Duy Colleyville,,https://www.google.com/maps/place/?q=place_id:ChIJle1mVlfVTYYR52sbqyyQlaM,PLACE_ID
Pho Xpress Grapevine,Restaurant,Vietnamese,2805 E Grapevine Mills Cir #126,TX,76051,,,,,,,,,,,Vietnamese/English,Pho & Panini,Yes,,,Pho Xpress Grapevine,,https://www.google.com/maps/place/?q=place_id:ChIJk5zZqIQrTIYRzsMfvsIgk0g,PLACE_ID
Pho Em,Restaurant,Vietnamese,640 W Debbie Ln,TX,76063,,,,,,,,,,,Vietnamese/English,Pho & Crab Noodle,Yes,,,Pho Em Mansfield,,https://www.google.com/maps/place/?q=place_id:ChIJcZa1zsZhToYR1CS17EJdl7Y,PLACE_ID
House of Pho Burleson,Restaurant,Vietnamese,12848 South Fwy #200,TX,76028,,,,,,,,,,,Vietnamese/English,Pho House,Yes,,,House of Pho Burleson,,https://www.google.com/maps/place/?q=place_id:ChIJr2RsPxZpToYR2m0VAnq-m84,PLACE_ID
Pho Noodle & Asian Cuisine,Restaurant,Vietnamese,1035 N Highway 77 #200,TX,,,,,,,,,,,,Vietnamese/English,Pho & Asian Cuisine,Yes,,,Pho Noodle Waxahachie,,https://www.google.com/maps/place/?q=place_id:ChIJ9eqkRcnuToYR8JDJ6CJvUVA,PLACE_ID
Pho Duc Midlothian,Restaurant,Vietnamese,1000 E Main St #304,TX,,,,,,,,,,,,Vietnamese/English,Pho Restaurant,Yes,,,Pho Duc Midlothian,,https://www.google.com/maps/place/?q=place_id:ChIJFwx750LzToYRudIrwh3novY,PLACE_ID
Pho Nhu Y Red Oak,Restaurant,Vietnamese,219 S HWY 342 #120,TX,,,,,,,,,,,,Vietnamese/English,Vietnamese Kitchen,Yes,,,Pho Nhu Y Red Oak,,https://www.google.com/maps/place/?q=place_id:ChIJ8fHnsPHrToYRQ98wSJAr-sI,PLACE_ID
Mỹ Lan Restaurant,Restaurant,Vietnamese,4015 E Belknap St,TX,,,,,,,,,,,,Vietnamese/English,Pho & Banh Mi,Yes,,,My Lan Haltom City,,https://www.google.com/maps/place/?q=place_id:ChIJ079Z2DV3ToYR3dQWykKCvBQ,PLACE_ID
Vĩnh Bình Restaurant,Restaurant,Vietnamese,5310 E Belknap St #D,TX,,,,,,,,,,,,Vietnamese/English,Vietnamese Cuisine,Yes,,,Vinh Binh Haltom City,,https://www.google.com/maps/place/?q=place_id:ChIJUUSMxF53ToYRriSt_qcL1Zk,PLACE_ID
Pho Hung Restaurant,Restaurant,Vietnamese,4125 E Belknap St #107,TX,,,,,,,,,,,,Vietnamese/English,Pho & Banh Mi,Yes,,,Pho Hung Haltom City,,https://www.google.com/maps/place/?q=place_id:ChIJhfphyEl3ToYRcU52dXuePbY,PLACE_ID
Bun Dong Ba,Restaurant,Vietnamese,4023 E Belknap St #B,TX,,,,,,,,,,,,Vietnamese/English,Noodle House,Yes,,,Bun Dong Ba Haltom City,,https://www.google.com/maps/place/?q=place_id:ChIJK7ebDjZ3ToYRu6h358coa0I,PLACE_ID
Phở Thiên Ý Deli,Restaurant,Vietnamese,5310 E Belknap St,TX,,,,,,,,,,,,Vietnamese/English,Banh Mi & Deli,Yes,,,Pho Thien Y Haltom City,,https://www.google.com/maps/search/?api=1&query=Ph%C3%A1%C2%BB%C5%B8%20Thi%C3%83%C2%AAn%20%C3%83%C2%9D%20Deli%205310%20E%20Belknap%20St%20TX%20,SEARCH
Pho Nam Restaurant,Restaurant,Vietnamese,4045 E Belknap St #1,TX,,,,,,,,,,,,Vietnamese/English,Pho Restaurant,Yes,,,Pho Nam Haltom City,,https://www.google.com/maps/place/?q=place_id:ChIJzc12GzZ3ToYRQS--1vR5Aao,PLACE_ID
Saigon Deli Haltom City,Restaurant,Vietnamese,5304 E Belknap St,TX,,,,,,,,,,,,Vietnamese/English,Banh Mi & Deli,Yes,,,Saigon Deli Haltom City,,https://www.google.com/maps/place/?q=place_id:ChIJL52e2l53ToYRBw2G7cV4WuY,PLACE_ID
Tu Hai Restaurant,Restaurant,Vietnamese,3909 E Belknap St,TX,,,,,,,,,,,,Vietnamese/English,Vietnamese Cuisine,Yes,,,Tu Hai Haltom City,,https://www.google.com/maps/place/?q=place_id:ChIJsU20ODR3ToYRcWlqIg2dUDw,PLACE_ID
Viet Tofu,Restaurant,Asian Fusion,4045 E Belknap St #7,TX,,,,,,,,,,,,Vietnamese/English,Tofu & Deli,Yes,,,Viet Tofu Haltom City,,https://www.google.com/maps/place/?q=place_id:ChIJzc12GzZ3ToYRsA7QS0Vvew8,PLACE_ID
Pho In The Box Keller,Restaurant,Vietnamese,536 Keller Pkwy,TX,76248,,,,,,,,,,,Vietnamese/English,Pho Express,Yes,,,Pho In The Box Keller,,https://www.google.com/maps/place/?q=place_id:ChIJS8IZABXXTYYRDcNnBbdUZpM,PLACE_ID
PHO REAL Keller,Restaurant,Vietnamese,8653 N Beach St,TX,,,,,,,,,,,,Vietnamese/English,Vietnamese Cuisine,Yes,,,Pho Real Keller,,https://www.google.com/maps/place/?q=place_id:ChIJVQjselXZTYYRX3jTo5XRdhI,PLACE_ID
Pho Real Saginaw,Restaurant,Vietnamese,900 N Blue Mound Rd #120,TX,76131,,,,,,,,,,,Vietnamese/English,Pho Restaurant,Yes,,,Pho Real Saginaw,,https://www.google.com/maps/place/?q=place_id:ChIJCX23iO3ZTYYRQ1Mc49E9Lno,PLACE_ID
Banh Mi Viet Saginaw,Restaurant,Vietnamese,7630 N Beach St,TX,,,,,,,,,,,,Vietnamese/English,Banh Mi,Yes,,,Banh Mi Viet Saginaw,,https://www.google.com/maps/place/?q=place_id:ChIJvzOX1SDZTYYRwMIUug4sNsU,PLACE_ID
Easy Freshly Saginaw,Restaurant,Vietnamese,7630 N Beach St,TX,,,,,,,,,,,,Vietnamese/English,Vietnamese Cuisine,Yes,,,Easy Freshly Saginaw,,https://www.google.com/maps/place/?q=place_id:ChIJ4waLnW3YTYYRTEmg7kqUHPg,PLACE_ID
Pho Hotpot & Crawfish 7,Restaurant,Vietnamese,5302 E Belknap St,TX,,,,,,,,,,,,Vietnamese/English,Pho & Hotpot,Yes,,,Pho Hotpot Crawfish Haltom City,,https://www.google.com/maps/place/?q=place_id:ChIJETu3zV53ToYR3urRYq6NPmo,PLACE_ID
Pho Banh Mi Viet Saginaw,Restaurant,Vietnamese,7630 N Beach St,TX,,,,,,,,,,,,Vietnamese/English,Pho & Banh Mi,Yes,,,Pho Banh Mi Viet Saginaw,,https://www.google.com/maps/place/?q=place_id:ChIJvzOX1SDZTYYRwMIUug4sNsU,PLACE_ID
My Lan Restaurant,Restaurant,Vietnamese,5307 E Belknap St,TX,76117,(817) 834-2288,10:00 AM - 9:00 PM,10:00 AM - 9:00 PM,10:00 AM - 9:00 PM,10:00 AM - 9:00 PM,10:00 AM - 10:00 PM,10:00 AM - 10:00 PM,10:00 AM - 9:00 PM,,,Vietnamese/English,Traditional Vietnamese cuisine,Yes,,,My Lan Restaurant Haltom City,,https://www.google.com/maps/place/?q=place_id:ChIJ079Z2DV3ToYR3dQWykKCvBQ,PLACE_ID
Sikhay Thai Lao & Vietnamese,Restaurant,Vietnamese,3301 NE 28th St,TX,76111,(817) 834-8700,11:00 AM - 9:00 PM,11:00 AM - 9:00 PM,11:00 AM - 9:00 PM,11:00 AM - 9:00 PM,11:00 AM - 10:00 PM,11:00 AM - 10:00 PM,CLOSED,,,Vietnamese/English/Lao/Thai,Fusion cuisine,Yes,,,Sikhay Fort Worth,,https://www.google.com/maps/place/?q=place_id:ChIJNRslGSN3ToYR2fveaX29ALQ,PLACE_ID
Pho Nam,Restaurant,Vietnamese,4045 E Belknap St,TX,76111,(817) 222-0888,9:30 AM - 9:00 PM,9:30 AM - 9:00 PM,9:30 AM - 9:00 PM,9:30 AM - 9:00 PM,9:30 AM - 9:00 PM,9:30 AM - 9:00 PM,9:30 AM - 9:00 PM,,,Vietnamese/English,Pho restaurant,Yes,,,Pho Nam Haltom City,,https://www.google.com/maps/place/?q=place_id:ChIJzc12GzZ3ToYRQS--1vR5Aao,PLACE_ID
Pho 1,Restaurant,Vietnamese,2216 New York Ave,TX,76010,,,,,,,,,,,Vietnamese/English,Vietnamese pho,Yes,,,Pho 1 Arlington,,https://www.google.com/maps/place/?q=place_id:ChIJNy0hEL2JToYRiLIBlUi_jjg,PLACE_ID
Saigon 88,Restaurant,Vietnamese,123 Main St,TX,76248,,,,,,,,,,,Vietnamese/English,Vietnamese restaurant,Yes,,,Saigon 88 Keller,,https://www.google.com/maps/place/?q=place_id:ChIJNVXcVuXXTYYRFRCWP9jqjrs,PLACE_ID
Cris & John,Restaurant,Vietnamese,5555 Preston Oaks Rd,TX,75254,(972) 803-5182,,,,,,,,,,,Vietnamese/English,Vietnamese street food fusion,Yes,,,,https://www.google.com/maps/place/?q=place_id:ChIJG4Q5Vh8hTIYRgKiCQLWFub4,PLACE_ID
Sapa House,Restaurant,Vietnamese,1623 Main St,TX,75201,(214) 760-1010,,,,,,,,,,,Vietnamese/English,Vietnamese fusion,Yes,,,,https://www.google.com/maps/place/?q=place_id:ChIJhQE8TR-ZToYRsF0rtTyJEmQ,PLACE_ID
Pho Envy,Restaurant,Vietnamese,8611 Hillcrest Rd,TX,75225,(214) 696-9996,,,,,,,,,,,Vietnamese/English,Pho restaurant,Yes,,,,https://www.google.com/maps/place/?q=place_id:ChIJ1VE9_7OfToYRBP0KVZMr7-Y,PLACE_ID
La Me,Restaurant,Vietnamese,9780 Walnut St,TX,75243,(972) 669-9511,,,,,,,,,,,Vietnamese/English,Banh Mi and Pho,Yes,,,,https://www.google.com/maps/place/?q=place_id:ChIJfRCwfLgfTIYRoSmCQ2GxtTw,PLACE_ID
Pho V Nam,Restaurant,Vietnamese,1400 W Northwest Hwy,TX,76051,(817) 251-8866,,,,,,,,,,,Vietnamese/English,Pho noodle,Yes,,,,https://www.google.com/maps/place/?q=place_id:ChIJMRtG7qt_ToYRbI4f1Rx4Sv4,PLACE_ID
L V Noodle & Grill,Restaurant,Vietnamese,2220 Cross Timbers Rd,TX,75028,(972) 539-5000,,,,,,,,,,,Vietnamese/English,Noodle and grill,Yes,,,,https://www.google.com/maps/place/?q=place_id:ChIJHUZZ6BItTIYRhqfLfAVWjps,PLACE_ID
Pho One Flower Mound,Restaurant,Vietnamese,2601 Flower Mound Rd,TX,75028,(972) 355-6888,,,,,,,,,,,Vietnamese/English,Pho One,Yes,,,,https://www.google.com/maps/place/?q=place_id:ChIJ5XY_Ko4uTIYRHBe0oYLZY-4,PLACE_ID
I Luv Pho Flower Mound,Restaurant,Vietnamese,1900 Long Prairie Rd,TX,75022,,,,,,,,,,,Vietnamese/English,I Luv Pho chain,Yes,,,I Luv Pho Flower Mound,,https://www.google.com/maps/place/?q=place_id:ChIJ28Ne6N8sTIYRq2MfAGLfbjs,PLACE_ID
Pho Little Saigon 2,Restaurant,Vietnamese,171 N Denton Tap Rd,TX,75019,(972) 745-0010,,,,,,,,,,,Vietnamese/English,Pho restaurant,Yes,,,,https://www.google.com/maps/place/?q=place_id:ChIJGT_CkU4pTIYRlldoROZmf0Y,PLACE_ID
Zo Vien,Restaurant,Vietnamese,2385 Preston Rd,TX,75034,,,,,,,,,,,Vietnamese/English,Vietnamese cafe,Yes,,,Zo Vien Frisco,,https://www.google.com/maps/place/?q=place_id:EiYyMzg1IFByZXN0b24gUmQsIEZyaXNjbywgVFggNzUwMzQsIFVTQSIxEi8KFAoSCev_56vpPEyGEY7ujRM4lM57ENESKhQKEgn5fAb1g2pMhhGbIXwPcOq-5A,PLACE_ID
Simply Pho House,Restaurant,Vietnamese,6959 Lebanon Rd,TX,75034,,,,,,,,,,,Vietnamese/English,Pho house,Yes,,,Simply Pho House Frisco,,https://www.google.com/maps/place/?q=place_id:ChIJu7w0fnlBTIYRyEzLnXZiosA,PLACE_ID
Pho Mac Frisco,Restaurant,Vietnamese,8420 Preston Rd,TX,75034,,,,,,,,,,,Vietnamese/English,Pho restaurant,Yes,,,Pho Mac Frisco,,https://www.google.com/maps/place/?q=place_id:ChIJj2bI2MQ9TIYRz1y_hYXQNP0,PLACE_ID
Pho Appétit,Restaurant,Vietnamese,5444 FM 423,TX,75036,,,,,,,,,,,Vietnamese/English,Appetizing pho,Yes,,,Pho Appetit Frisco,,https://www.google.com/maps/place/?q=place_id:ChIJM_I-ieM5TIYRbHt_jQ_cArc,PLACE_ID
Pho Tre Bien,Restaurant,Vietnamese,1409 S Cooper St,TX,76013,,,,,,,,,,,Vietnamese/English,Pho restaurant,Yes,,,Pho Tre Bien Arlington,,https://www.google.com/maps/place/?q=place_id:ChIJ-8990ARb54YRha49zNGFX0k,PLACE_ID
Sprout's Springroll & Pho,Restaurant,Vietnamese,780 E Road to Six Flags St,TX,76011,,,,,,,,,,,Vietnamese/English,Spring rolls and pho,Yes,,,Sprouts Arlington,,https://www.google.com/maps/place/?q=place_id:ChIJN5zkNY59ToYR7P80iiTM2qs,PLACE_ID
Pho Pasteur 4,Restaurant,Vietnamese,2225 S Bowen Rd,TX,76013,,,,,,,,,,,Vietnamese/English,Pho Pasteur,Yes,,,Pho Pasteur 4 Arlington,,https://www.google.com/maps/place/?q=place_id:ChIJDSSmSk99ToYRCqEQqJosHa8,PLACE_ID
Hoa Dallas,Retail,Florist,2201 Main St,TX,75201,(214) 939-8001,,,,,,,,,,Vietnamese/English,"Wedding florals, bridal bouquets, centerpieces",Yes,Since 1998,"AIFD award, 26+ years",Hoa Dallas,,https://www.google.com/maps/place/?q=place_id:ChIJR2Ah3t-YToYRZFsQnj2UK5Y,PLACE_ID
Hoang Chau Jewelry Repair,Retail,Jewelry,9788 Walnut St #162,TX,75243,,,,,,,,,,,Vietnamese/English,Jewelry repair,Yes,,,Hoang Chau Jewelry Dallas,,https://www.google.com/maps/place/?q=place_id:ChIJtwbZR7gfTIYRaHmtSUMPnwo,PLACE_ID
Morning Star,Retail,Fashion,2615 W Pioneer Pkwy,TX,75051,,,,,,,,,,,Vietnamese/English,Vietnamese Fashion,Yes,,,Morning Star Grand Prairie,,https://www.google.com/maps/place/?q=place_id:ChIJ3ye4BBuHToYRMnW7CCzHA1Q,PLACE_ID
Sam's Nail Supply,Retail,Beauty Supply,3122 N Jupiter Rd #105,TX,75044,,,,,,,,,,,Vietnamese/English,Nail Supply,Yes,,,Sams Nail Supply Garland,,https://www.google.com/maps/place/?q=place_id:ChIJr8rzqBYeTIYRTJrgRZBHuHQ,PLACE_ID
Hiep Thai Market Garland,Retail,Grocery,3347 W Walnut St,TX,75042,,,,,,,,,,,Vietnamese/English,Asian market,Yes,,,Hiep Thai Garland,,https://www.google.com/maps/place/?q=place_id:ChIJwSVNORQeTIYRRsI8DMps6iU,PLACE_ID
Cali Saigon Mall,Shopping Center,Vietnamese Mall,3212 N Jupiter Rd,TX,75044,(972) 530-5388,8:00 AM - 9:00 PM,8:00 AM - 9:00 PM,8:00 AM - 9:00 PM,8:00 AM - 9:00 PM,8:00 AM - 9:00 PM,8:00 AM - 9:00 PM,8:00 AM - 9:00 PM,,,Vietnamese/English,"Supermarket, restaurants, retail shops, herbal medicine",Yes,,Primary Vietnamese hub in Garland,Cali Saigon Mall Garland,,https://www.google.com/maps/place/?q=place_id:ChIJmV7iRooeTIYRNrG3uj9Dj4c,PLACE_ID
Asia Times Square,Shopping Center,Asian Mall,2625 W Pioneer Pkwy,TX,75051,(972) 975-5100,9:00 AM - 9:00 PM,9:00 AM - 9:00 PM,9:00 AM - 9:00 PM,9:00 AM - 9:00 PM,9:00 AM - 10:00 PM,9:00 AM - 10:00 PM,9:00 AM - 9:00 PM,,,Vietnamese/English,"Restaurants, shops, Tet Festival venue",Yes,,19th Annual Tet Festival,Asia Times Square Grand Prairie,,https://www.google.com/maps/place/?q=place_id:ChIJFXC8wS2GToYRpP8nJsVGUhg,PLACE_ID
Saigon Mall,Shopping Center,Mall,3212 N Jupiter Rd,TX,75044,,,,,,,,,,,Vietnamese/English,Shopping Mall,Yes,,,Saigon Mall Garland,,https://www.google.com/maps/place/?q=place_id:ChIJmV7iRooeTIYRNrG3uj9Dj4c,PLACE_ID
Hiep Thai Plaza,Shopping Center,Plaza,2405 E Belt Line Rd,TX,75081,,,,,,,,,,,Vietnamese/English,Shopping Plaza,Yes,,,Hiep Thai Plaza Richardson,,https://www.google.com/maps/place/?q=place_id:ChIJHwWjVBEeTIYRNmi1kfmarWc,PLACE_ID
Cali Saigon Mall,Shopping Center,Mall,3212 N Jupiter Rd,TX,75044,,,,,,,,,,,Vietnamese/English,Vietnamese Mall,Yes,,,Cali Saigon Mall Garland,,https://www.google.com/maps/place/?q=place_id:ChIJmV7iRooeTIYRNrG3uj9Dj4c,PLACE_ID
Asia Times Square,Shopping Center,Mall,2615 W Pioneer Pkwy,TX,75051,,,,,,,,,,,Vietnamese/English,Asian Mall,Yes,,,Asia Times Square Grand Prairie,,https://www.google.com/maps/place/?q=place_id:ChIJFXC8wS2GToYRpP8nJsVGUhg,PLACE_ID
Ben Thanh Plaza,Shopping Center,Plaza,1818 E Pioneer Pkwy,TX,76010,,,,,,,,,,,Vietnamese/English,Vietnamese Plaza,Yes,,,Ben Thanh Plaza Arlington,,https://www.google.com/maps/place/?q=place_id:ChIJpRMprfqHToYRoF_3enw4txw,PLACE_ID
VN United Football Club,Sports,Soccer Club,1330 Spring Creek Drive,TX,75040,"(469) 989-1489, (469) 975-1258",,,,,,,,,,Vietnamese/English,"Youth soccer clinics, DAAST tournament",Yes,,501(c)(3) non-profit,VN United FC Garland,,https://www.google.com/maps/place/?q=place_id:ChIJbbUTXvQdTIYRXe68wnjRg3g,PLACE_ID
H Mart Carrollton,Supermarket,Asian Grocery,2625 Old Denton Rd #200,TX,75007,(972) 323-9700,8:00 AM - 11:00 PM,8:00 AM - 11:00 PM,8:00 AM - 11:00 PM,8:00 AM - 11:00 PM,8:00 AM - 11:00 PM,8:00 AM - 11:00 PM,8:00 AM - 11:00 PM,,hmart.com,Vietnamese/English/Korean,"Korean/Vietnamese/Asian groceries, food court, bakery",Yes,,,H Mart Carrollton TX,,https://www.google.com/maps/place/?q=place_id:ChIJBTQTT_slTIYRjrnYj3wOWE4,PLACE_ID
Saigon SuperMarket / Sieu Thi Thuan Phat,Supermarket,Vietnamese Grocery,3212 N Jupiter Rd,TX,75044,(972) 530-9000,8:00 AM - 8:00 PM,8:00 AM - 8:00 PM,8:00 AM - 8:00 PM,8:00 AM - 9:00 PM,8:00 AM - 8:00 PM,8:00 AM - 8:00 PM,8:00 AM - 8:00 PM,,,Vietnamese/English,Vietnamese & Asian groceries,Yes,,Inside Cali Saigon Mall,Saigon SuperMarket Garland,,https://www.google.com/maps/place/?q=place_id:ChIJRaPc_WYfTIYRn3f4VKFGtks,PLACE_ID
99 Ranch Market - Carrollton,Supermarket,Asian Grocery,2532 Old Denton Rd,TX,75006,(972) 242-9899,9:00 AM - 9:00 PM,9:00 AM - 9:00 PM,9:00 AM - 9:00 PM,9:00 AM - 9:00 PM,8:00 AM - 10:00 PM,8:00 AM - 10:00 PM,9:00 AM - 10:00 PM,,99ranch.com,Vietnamese/English/Multiple,"Asian groceries, food court",Yes,,,99 Ranch Market Carrollton,,https://www.google.com/maps/place/?q=place_id:ChIJNW41J-MlTIYRZ9p2pox0ewI,PLACE_ID
Hong Kong Market,Supermarket,Asian Grocery,9780 Walnut St.,TX,75243,(972) 437-9888,9:00 AM - 8:00 PM,9:00 AM - 8:00 PM,9:00 AM - 8:00 PM,9:00 AM - 8:00 PM,9:00 AM - 8:00 PM,9:00 AM - 8:00 PM,9:00 AM - 8:00 PM,,,Vietnamese/English,Asian groceries (Vietnamese products available),Yes,,,Hong Kong Market Dallas,,https://www.google.com/maps/place/?q=place_id:ChIJ96RaTrgfTIYRbIMHViSTIgY,PLACE_ID
New Truong Nguyen Market,Supermarket,Seafood Market,3555 E Walnut St #221,TX,75042,,,,,,,,,,,Vietnamese/English,"Fresh seafood, crawfish, Vietnamese ingredients",Yes,,,New Truong Nguyen Garland,,https://www.google.com/maps/place/?q=place_id:ChIJ8RFJCBYeTIYRQ6MctlzrkAk,PLACE_ID
Hiep Thai Market,Supermarket,Asian Grocery,2405 E Belt Line Rd,TX,75081,(972) 235-8575,8:30 AM - 9:00 PM,8:30 AM - 9:00 PM,8:30 AM - 9:00 PM,8:30 AM - 9:00 PM,8:30 AM - 9:00 PM,8:30 AM - 9:00 PM,8:30 AM - 9:00 PM,,,Vietnamese/English,"Vietnamese grocery, fresh seafood",Yes,,,Hiep Thai Richardson,,https://www.google.com/maps/place/?q=place_id:ChIJwSVNORQeTIYRRsI8DMps6iU,PLACE_ID
Good Fortune Supermarket,Supermarket,Asian Grocery,400 N Greenville Ave,TX,75081,(972) 231-2338,,,,,,,,,,Vietnamese/English,Asian Grocery,Yes,,,Good Fortune Richardson,,https://www.google.com/maps/place/?q=place_id:ChIJlz-nNQ0fTIYR9tkY1r1wUO8,PLACE_ID
Saigon Market,Supermarket,Asian Grocery,111 S Jupiter Rd,TX,75081,(972) 231-6453,,,,,,,,,,Vietnamese/English,Vietnamese & Asian Grocery,Yes,,,Saigon Market Richardson,,https://www.google.com/maps/place/?q=place_id:ChIJmV7iRooeTIYRNrG3uj9Dj4c,PLACE_ID
Hong Kong Market,Supermarket,Asian Grocery,9780 Walnut St,TX,75243,,,,,,,,,,,Vietnamese/English,Asian Grocery,Yes,,,Hong Kong Market Dallas,,https://www.google.com/maps/place/?q=place_id:ChIJ96RaTrgfTIYRbIMHViSTIgY,PLACE_ID
Vietnam Plaza Grocery Store,Supermarket,Vietnamese Grocery,4101 E Belknap St,TX,76117,,,,,,,,,,,Vietnamese/English,Vietnamese Grocery,Yes,,,Vietnam Plaza Grocery Haltom City,,https://www.google.com/maps/place/?q=place_id:ChIJq2-hOzZ3ToYRmbIUwK1LCGE,PLACE_ID
Hong Kong Market Place,Supermarket,Asian Grocery,2615 W Pioneer Pkwy,TX,75051,,,,,,,,,,,Vietnamese/English,Asian Grocery,Yes,,,Hong Kong Market Grand Prairie,,https://www.google.com/maps/place/?q=place_id:ChIJgUVKiy2GToYRHn5ETsRfij0,PLACE_ID
Nalinh Market,Supermarket,Asian Grocery,1716 E State Hwy 356,TX,75060,,,,,,,,,,,Vietnamese/English,Asian Grocery,Yes,,,Nalinh Market Irving,,https://www.google.com/maps/place/?q=place_id:ChIJ-eOSUk2DToYRPZz8kPOrOzo,PLACE_ID
Vietnam Plaza Grocery,Supermarket,Asian Grocery,4101 E Belknap St,TX,,,,,,,,,,,,Vietnamese,Vietnamese Grocery,Yes,,,Vietnam Plaza Haltom City,,https://www.google.com/maps/place/?q=place_id:ChIJq2-hOzZ3ToYRmbIUwK1LCGE,PLACE_ID
Nguyen Loi Supermarket,Supermarket,Asian Grocery,5302 E Belknap St,TX,,,,,,,,,,,,Vietnamese,Oriental Supermarket,Yes,,,Nguyen Loi Supermarket Haltom City,,https://www.google.com/maps/place/?q=place_id:ChIJy4DDyV53ToYRk-mozk2_1D0,PLACE_ID
